destination,avg_interest,peak_interest,peak_month,min_interest,min_month,seasonality
Vũ Quang,41.78,100,2008-08,0,2004-01,2.394
Xuân Thủy,41.38,100,2025-08,0,2004-01,2.417
Thành phố Hà Nội,38.87,100,2006-04,0,2004-01,2.573
Hang Câu,38.33,100,2008-01,0,2004-01,2.609
Hồ Tây,34.36,100,2025-07,0,2004-01,2.91
Đồng Thông,33.36,100,2024-10,0,2004-01,2.997
Non Nước,32.88,100,2021-12,0,2004-01,3.041
Bình An,32.51,100,2025-07,0,2004-01,3.076
Sơn Trà,30.35,100,2025-07,0,2004-01,3.295
Lam Kinh,30.24,100,2010-03,0,2004-01,3.307
Thành phố Đà Lạt,29.12,100,2022-07,0,2004-01,3.434
Tràng An,29.07,92,2018-03,0,2004-01,3.165
Mũi Cà Mau Cà Mau,28.48,100,2025-03,0,2004-01,3.511
Nhà thờ Đà Lạt,28.27,100,2018-12,0,2004-01,3.537
Sơn Mỹ,28.25,100,2005-09,0,2004-01,3.539
Chợ nổi Cái Răng,26.24,100,2023-03,0,2004-01,3.81
Phú Quốc,24.76,100,2022-06,0,2004-01,4.039
Nhà Mát,24.42,89,2024-04,0,2004-01,3.644
Tam Đảo,23.4,100,2019-07,0,2004-01,4.274
Vườn hoa Đà Lạt,22.95,100,2019-06,0,2004-01,4.357
núi Sập,22.34,100,2023-01,0,2004-01,4.477
Chùa Thiên Mụ,22.25,100,2024-01,0,2004-01,4.493
Chùa Tổ,22.19,100,2025-02,0,2004-01,4.507
Quán Hoa,22.05,100,2006-02,0,2004-01,4.536
Thành Điện Hải,21.98,100,2022-03,0,2004-01,4.549
Hoàng Liên,21.91,97,2022-01,0,2004-01,4.427
Thung lũng Tình yêu,21.83,97,2019-06,0,2004-01,4.443
Mũi Né,21.67,100,2023-06,0,2004-01,4.615
Hồ Tuyền Lâm,21.32,100,2024-06,0,2004-01,4.691
Đồng Mô,21.14,100,2022-03,0,2004-01,4.73
Núi Voi,20.5,93,2021-11,0,2004-01,4.536
Hồ Phú Ninh,20.17,100,2025-07,0,2004-01,4.959
Biển Quy Nhơn,19.79,100,2020-07,0,2004-01,5.052
Cát Bà,18.73,100,2022-06,0,2004-01,5.339
Sala,18.05,100,2019-02,0,2004-01,5.539
Bảo tàng chứng tích chiến tranh,18.0,100,2008-04,0,2004-01,5.554
Chợ Đà Lạt,17.71,80,2022-07,0,2004-01,4.517
Tháp Bà Ponagar,17.18,78,2023-03,0,2004-01,4.539
Tràm Chim,16.99,100,2024-11,0,2004-01,5.885
Hội nghị Quốc gia,16.7,100,2024-11,0,2004-01,5.99
Thành phố Hải Phòng,16.54,100,2025-07,0,2004-01,6.045
núi Voi,16.38,74,2021-11,0,2004-01,4.518
Thung Nai,16.26,89,2010-04,0,2004-01,5.474
Đèo Pha Đin,16.1,100,2021-04,0,2004-01,6.213
Pắc Bó,15.95,100,2011-05,0,2004-01,6.271
Cúc Phương,15.68,100,2006-05,0,2004-01,6.376
Gò Tháp,15.52,100,2024-12,0,2004-01,6.441
Hồ Kẻ Gỗ,15.41,100,2020-10,0,2004-01,6.491
Nhà thờ Chợ Quán,15.28,100,2024-03,0,2004-01,6.544
Cột cờ Lũng Cú,15.28,90,2025-11,0,2004-01,5.89
Vịnh Nha Trang,14.99,60,2024-04,0,2004-01,4.003
Viện Hải Dương Học,14.71,89,2009-02,0,2004-01,6.05
Đền Ngọc Sơn,14.53,98,2008-05,0,2004-01,6.744
Bình Tả,14.4,100,2022-10,0,2004-01,6.947
Bản Bước,14.16,100,2022-03,0,2004-01,7.064
Cầu Long Biên,14.16,100,2006-08,0,2004-01,7.062
Núi Ngọc Linh,13.96,100,2014-04,0,2004-01,7.164
Vườn hoa cẩm tú,13.66,100,2019-06,0,2004-01,7.322
Làng chài Hàm Ninh,13.22,100,2020-06,0,2004-01,7.562
Động Thiên Long,12.98,89,2022-03,0,2004-01,6.856
Hồ cá Trí Nguyên,12.89,100,2025-10,0,2004-01,7.758
Thành phố Vũng Tàu,12.84,45,2025-07,0,2004-01,3.505
Núi Cấm,12.71,100,2012-05,0,2004-01,7.867
Động Hoa Tiên,12.71,100,2022-03,0,2004-01,7.87
Kinh thành Huế,12.67,100,2022-03,0,2004-01,7.896
Ao Tiên,12.66,100,2025-06,0,2004-01,7.898
Đền Mẫu,12.59,100,2025-02,0,2004-01,7.941
đền Hùng,12.58,88,2022-04,0,2004-01,6.996
Đồng Khởi,12.45,68,2022-03,0,2004-01,5.462
Động Kim Sơn,12.26,100,2022-03,0,2004-01,8.158
Nhà Xưa,12.26,38,2025-11,0,2004-01,3.099
Lan Vương,11.83,100,2016-11,0,2004-01,8.457
Hồ Tà Đùng,11.78,72,2022-02,0,2004-01,6.112
Phượng Hoàng,11.67,100,2018-03,0,2004-01,8.567
Hang Tối,11.52,30,2019-04,0,2004-01,2.603
Thái Bình Lâu,11.33,89,2021-12,0,2004-01,7.855
Phố Hiến,11.16,100,2019-10,0,2004-01,8.964
Đèo Ngang,10.96,100,2021-11,0,2004-01,9.122
Vĩnh Hy,10.86,100,2025-06,0,2004-01,9.209
Núi Bà Đen,10.75,100,2024-02,0,2004-01,9.303
Thánh địa La Vang,10.64,77,2022-08,0,2004-01,7.238
Động Thiên Hà,10.36,82,2021-11,0,2004-01,7.917
núi Quyết,10.11,100,2022-03,0,2004-01,9.895
Cồn Phụng,10.08,46,2009-03,0,2004-01,4.565
Hưng Học,9.85,100,2004-09,0,2004-01,10.154
Côn Đảo,9.73,41,2021-04,0,2004-01,4.215
Động Phong Nha,9.71,100,2006-05,0,2004-01,10.302
Vinh Sang,9.6,47,2010-02,0,2004-01,4.895
Núi Dành,9.46,100,2009-05,0,2004-01,10.571
Cồn Đen,9.43,100,2019-04,0,2004-01,10.601
Gáo Giồng,9.33,31,2019-02,0,2004-01,3.324
Thủy điện Hòa Bình,9.32,66,2017-10,0,2004-01,7.079
Thác Mây,9.29,100,2023-07,0,2004-01,10.765
Hồ Ba Bể,9.29,100,2021-09,0,2004-01,10.765
Vịnh Vân Phong,9.17,100,2008-10,0,2004-01,10.908
Chùa Một Cột,9.1,100,2007-02,0,2004-01,10.986
Chùa Yên Giang,8.89,100,2024-02,0,2004-01,11.244
Chùa Linh Phước,8.87,74,2009-02,0,2004-01,8.342
Ba Bể Bắc Kạn,8.84,47,2024-01,0,2004-01,5.319
Thác Đa,8.6,69,2022-03,0,2004-01,8.023
Ngũ Hành Sơn,8.43,100,2005-06,0,2004-01,11.858
Đền Đô,8.36,100,2006-11,0,2004-01,11.96
Động Từ Thức,8.29,100,2022-03,0,2004-01,12.07
Cát Tiên,8.27,39,2006-07,0,2004-01,4.718
Chùa Phú Thị,8.14,74,2024-02,0,2004-01,9.094
Đảo Bình Ba,8.11,41,2015-06,0,2004-01,5.055
Đình Bình Hòa,8.09,80,2007-05,0,2004-01,9.887
Sông Hương,7.87,34,2022-04,0,2004-01,4.318
Ba Vì,7.72,28,2022-03,0,2004-01,3.628
Chùa Đỏ,7.7,100,2014-12,0,2004-01,12.981
Chợ Bến Thành,7.7,28,2007-03,0,2004-01,3.637
Hồ Lắk,7.59,43,2024-04,0,2004-01,5.669
Công viên Thống Nhất,7.47,55,2025-04,0,2004-01,7.365
Nhà cổ Bình Thủy,7.43,35,2021-11,0,2004-01,4.708
Vịnh Cam Ranh,7.06,38,2023-04,0,2004-01,5.385
Lăng Minh Mạng,7.05,33,2025-03,0,2004-01,4.679
Bãi biển Sầm Sơn,7.03,53,2020-07,0,2004-01,7.543
Lái Thiêu,6.6,26,2007-01,0,2004-01,3.939
Chùa Phật Tích,6.58,100,2009-05,0,2004-01,15.202
Nhà thờ dòng chúa Cứu Thế,6.5,32,2015-12,0,2004-01,4.925
Công viên Hạ Long,6.42,50,2025-06,0,2004-01,7.786
Đình Bình Thủy,6.42,44,2022-03,0,2004-01,6.851
Đền Bà Chúa Kho,6.41,100,2019-02,0,2004-01,15.599
Suối Tiên Thành phố Hồ Chí Minh,6.31,69,2023-08,0,2004-01,10.932
Đền Thái,6.28,41,2024-02,0,2004-01,6.527
Công viên Hồ Tây,6.19,93,2015-04,0,2004-01,15.015
Biển Đại Lãnh,6.03,71,2022-03,0,2004-01,11.774
Cù Lao Xanh,5.92,29,2020-07,0,2004-01,4.895
Tháp Đôi,5.87,20,2019-09,0,2004-01,3.407
Ghềnh Đá Đĩa,5.79,27,2020-07,0,2004-01,4.663
Làng nổi Tân Lập,5.79,100,2007-08,0,2004-01,17.28
Lăng Khải Định,5.78,25,2025-04,0,2004-01,4.326
Chùa Dâu,5.73,70,2008-03,0,2004-01,12.208
Thác Voi,5.67,20,2010-11,0,2004-01,3.528
Đảo Lý Sơn,5.66,24,2016-04,0,2004-01,4.242
Thành nhà Hồ,5.63,26,2005-09,0,2004-01,4.614
Làng hoa Sa Đéc,5.6,80,2020-01,0,2004-01,14.284
Làng Sen,5.59,23,2025-05,0,2004-01,4.115
Dinh Độc Lập,5.52,100,2025-04,0,2004-01,18.1
Chùa Hang,5.48,28,2019-02,0,2004-01,5.107
Thác Pongour,5.36,23,2018-07,0,2004-01,4.293
Đảo chè Thanh Chương,5.32,100,2017-01,0,2004-01,18.786
Hải đăng Kê Gà,5.31,100,2010-01,0,2004-01,18.84
Công viên nước Đầm Sen,5.26,100,2006-12,0,2004-01,19.017
Sakai,5.24,27,2006-12,0,2004-01,5.149
Hòn Một,5.23,45,2022-03,0,2004-01,8.607
Hậu Lâu,5.22,49,2022-03,0,2004-01,9.379
Hồ Hoàn Kiếm,5.03,57,2005-08,0,2004-01,11.34
Thành phố Hội An,4.82,21,2011-09,0,2004-01,4.356
Đảo Bình Hưng,4.79,100,2006-11,0,2004-01,20.873
Thành Bản Phủ,4.7,42,2022-03,0,2004-01,8.937
Chợ Đông Ba,4.69,47,2008-06,0,2004-01,10.025
Công viên Châu Á,4.65,100,2006-07,0,2004-01,21.487
Xuân Sơn,4.57,24,2025-11,0,2004-01,5.256
Vườn thú Hà Nội,4.51,25,2022-04,0,2004-01,5.549
Ngọ Môn,4.46,100,2007-04,0,2004-01,22.44
Bạch Mã,4.43,100,2024-08,0,2004-01,22.556
Lễ hội Lồng tồng,4.35,100,2024-12,0,2004-01,22.969
Miếu Tiên Công,4.32,66,2021-12,0,2004-01,15.266
Đền thờ Bác Hồ,4.29,71,2025-01,0,2004-01,16.569
Lễ hội chùa Hương,4.16,63,2008-02,0,2004-01,15.159
Quảng Ninh Gate,4.08,60,2022-05,0,2004-01,14.72
Đồi Độc Lập,4.05,100,2025-11,0,2004-01,24.695
Hồ Đại Lải,4.04,20,2016-04,0,2004-01,4.948
núi Sam,4.02,100,2005-10,0,2004-01,24.905
Chùa Trấn Quốc,4.0,39,2008-03,0,2004-01,9.75
Đông Khê,4.0,15,2022-03,0,2004-01,3.746
Ba Khan,3.98,16,2010-02,0,2004-01,4.019
Bến Ninh Kiều,3.93,17,2015-03,0,2004-01,4.324
Biển Hồ chè,3.91,39,2024-04,0,2004-01,9.978
Tầm Vu,3.9,23,2025-07,0,2004-01,5.896
di tích lịch sử Bạch Đằng,3.83,50,2025-09,0,2004-01,13.072
Thiền viện Trúc Lâm Phương Nam,3.83,29,2014-05,0,2004-01,7.574
Chùa Linh Phong,3.74,52,2012-08,0,2004-01,13.898
Đèo Hải Vân,3.73,49,2019-01,0,2004-01,13.15
Thành cổ Diên Khánh,3.73,62,2024-12,0,2004-01,16.639
Thành cổ Quảng Trị,3.7,100,2025-09,0,2004-01,27.03
Cao nguyên Mộc Châu,3.63,20,2011-02,0,2004-01,5.514
Vườn nho Ba Mọi,3.6,28,2017-07,0,2004-01,7.768
rừng Trần Hưng Đạo,3.58,98,2024-12,0,2004-01,27.361
Pù Luông,3.54,21,2022-08,0,2004-01,5.939
Cầu Mường Thanh,3.52,40,2024-04,0,2004-01,11.373
Chùa Tam Sơn,3.42,30,2024-02,0,2004-01,8.776
Núi Vọng Phu,3.38,44,2023-06,0,2004-01,13.017
Cung An Định,3.38,25,2025-10,0,2004-01,7.388
cụ Nguyễn Du,3.36,60,2024-03,0,2004-01,17.871
Thủy Châu,3.35,29,2021-10,0,2004-01,8.657
Chợ Cao Sơn,3.31,22,2025-07,0,2004-01,6.643
Hồ Cấm Sơn,3.29,28,2011-05,0,2004-01,8.523
Chùa Thái Lạc,3.24,100,2021-09,0,2004-01,30.905
Bảo tàng Phụ nữ Nam Bộ,3.23,78,2025-10,0,2004-01,24.163
Cù lao Chàm,3.17,14,2019-06,0,2004-01,4.41
Thung lũng hoa Bắc Hà,3.14,39,2018-11,0,2004-01,12.418
Chùa Bút Tháp,3.14,76,2007-08,0,2004-01,24.199
Đền Cuông,3.09,34,2021-03,0,2004-01,11.012
biển Đồng Châu,3.02,89,2006-07,0,2004-01,29.517
Chùa Dơi,2.9,100,2007-01,0,2004-01,34.514
Chùa Keo,2.8,18,2020-01,0,2004-01,6.432
Đền Nghè,2.68,24,2018-02,0,2004-01,8.953
Bãi Xép,2.67,17,2020-06,0,2004-01,6.369
Nhà hát lớn Hà Nội,2.62,9,2024-10,0,2004-01,3.435
Trùng Sơn Cổ Tự,2.62,45,2024-02,0,2004-01,17.202
Thác Khe Kèm,2.61,52,2016-04,0,2004-01,19.907
Công viên Hà Lan,2.59,33,2015-05,0,2004-01,12.726
Nhà thờ Đá Nha Trang,2.59,12,2022-07,0,2004-01,4.628
Nam Cát Tiên,2.57,12,2024-04,0,2004-01,4.669
Làng cổ Đường Lâm,2.54,12,2009-03,0,2004-01,4.732
Chùa Ba Vàng,2.53,100,2019-03,0,2004-01,39.489
Sông Gianh,2.53,9,2022-03,0,2004-01,3.559
Đồng sen Tháp Mười,2.51,12,2023-11,0,2004-01,4.782
Du lịch vườn Cần Thơ,2.45,57,2010-09,0,2004-01,23.242
Sìn Hồ,2.44,11,2023-03,0,2004-01,4.499
Văn Miếu - Quốc Tử Giám,2.38,16,2024-12,0,2004-01,6.722
Thác Bản Giốc,2.38,10,2009-01,0,2004-01,4.195
Chùa Quán Sứ,2.38,100,2025-05,0,2004-01,41.946
Nhà cổ Huỳnh Thủy Lê,2.36,20,2012-02,0,2004-01,8.47
Chùa Quan Âm,2.33,13,2024-02,0,2004-01,5.568
Chùa Vĩnh Tràng,2.33,25,2009-02,0,2004-01,10.743
Làng Nôm,2.31,28,2023-04,0,2004-01,12.132
Khởi nghĩa Yên Thế,2.3,38,2022-03,0,2004-01,16.519
Thác K50,2.26,31,2023-05,0,2004-01,13.726
Quảng trường Ba Đình,2.25,60,2025-08,0,2004-01,26.655
Chùa Giác Lâm,2.25,37,2008-09,0,2004-01,16.41
Hồ Than Thở,2.24,8,2019-06,0,2004-01,3.578
Hoàng Hảo,2.19,18,2024-04,0,2004-01,8.205
Làng Cổ Phước Tích,2.1,100,2017-01,0,2004-01,47.731
Cánh Đồng Bất Tận,2.06,100,2006-04,0,2004-01,48.524
Hòn Yến,2.04,11,2019-06,0,2004-01,5.397
Đền Kiếp Bạc,1.96,15,2025-10,0,2004-01,7.66
Đường hầm điêu khắc,1.92,17,2019-06,0,2004-01,8.836
Mường Nhé,1.9,100,2011-05,0,2004-01,52.495
Bàu Trắng,1.89,9,2023-06,0,2004-01,4.772
Làng gốm Bát Tràng,1.88,12,2024-10,0,2004-01,6.376
Núi lửa Chư Đăng Ya,1.87,39,2024-11,0,2004-01,20.89
Vàm Sát,1.86,9,2019-04,0,2004-01,4.831
Bảo tàng Lịch sử Quân sự,1.81,100,2024-11,0,2004-01,55.368
Đảo Điệp Sơn,1.78,23,2018-03,0,2004-01,12.953
Thế Miếu,1.77,15,2022-03,0,2004-01,8.484
Cánh đồng Cẩm Tú Cầu,1.76,17,2019-06,0,2004-01,9.657
Vịnh Lan Hạ,1.73,19,2022-06,0,2004-01,10.982
Hội Lim,1.7,16,2007-02,0,2004-01,9.414
Nhà thờ Phát Diệm,1.7,85,2006-11,0,2004-01,50.123
Thảo Cầm Viên,1.68,100,2004-03,0,2004-01,59.637
Lễ hội Yên Thế,1.65,38,2024-03,0,2004-01,23.028
Làng Cù Lần,1.64,17,2007-07,0,2004-01,10.374
Chùa Xá Lợi,1.62,100,2025-05,0,2004-01,61.882
Trường Dục Thanh,1.62,100,2004-05,0,2004-01,61.882
Văn Miếu Hưng Yên,1.58,39,2017-02,0,2004-01,24.656
Làng lụa Vạn Phúc,1.56,26,2018-11,0,2004-01,16.637
Khuôn Thần,1.54,100,2006-09,0,2004-01,65.099
Kim Hỷ,1.54,14,2024-02,0,2004-01,9.069
Hồ Thác Bà,1.54,28,2024-09,0,2004-01,18.138
lịch sử Tân Trào,1.54,56,2007-03,0,2004-01,36.276
Làng bè,1.53,7,2017-04,0,2004-01,4.58
Pù Mát,1.52,7,2018-04,0,2004-01,4.614
nhà tù Hỏa Lò,1.51,9,2022-06,0,2004-01,5.977
Chùa Phổ Minh,1.44,7,2024-02,0,2004-01,4.87
Cây đa Tân Trào,1.41,12,2025-02,0,2004-01,8.53
Chùa Hương Tích,1.41,100,2005-11,0,2004-01,70.699
Suối Mỡ,1.34,13,2016-05,0,2004-01,9.686
Bảo tàng Mỹ thuật Việt Nam,1.33,31,2008-08,0,2004-01,23.228
Hồ Thang Hen,1.3,32,2024-04,0,2004-01,24.536
Hồ Trúc Bạch,1.29,16,2009-08,0,2004-01,12.413
Rừng dừa Bảy Mẫu,1.27,10,2025-07,0,2004-01,7.898
Cánh đồng hoa hướng dương,1.26,30,2007-09,0,2004-01,23.765
Chùa Tây An,1.26,6,2024-03,0,2004-01,4.753
Hang Chiều,1.24,100,2004-07,0,2004-01,80.675
Đền thờ Chu Văn An,1.24,19,2009-04,0,2004-01,15.328
Hòn Ngọc Việt,1.22,100,2007-07,0,2004-01,81.677
Hòn Trống Mái,1.21,8,2023-06,0,2004-01,6.637
Chùa Long Khánh,1.21,100,2006-07,0,2004-01,82.445
Đảo Cồn Cỏ,1.19,100,2005-07,0,2004-01,84.295
Vũng Rô,1.19,6,2014-09,0,2004-01,5.025
Chợ nổi Cái Bè,1.18,6,2017-02,0,2004-01,5.074
Động Thiên Đường,1.14,9,2022-03,0,2004-01,7.864
Bãi biển Xuân Thành,1.14,100,2010-02,0,2004-01,87.667
Thắng cảnh Hương Sơn,1.12,100,2009-09,0,2004-01,89.153
Chùa Chuông,1.12,28,2006-04,0,2004-01,25.048
Chùa Linh Ứng Sơn Trà,1.11,89,2006-08,0,2004-01,80.436
Chùa Cổ Lễ,1.11,7,2025-02,0,2004-01,6.326
Hang Sơn Đoòng,1.11,100,2022-04,0,2004-01,90.378
Núi Hồng Lĩnh,1.11,39,2008-11,0,2004-01,35.007
Tam Cốc - Bích Động,1.1,8,2009-03,0,2004-01,7.255
Tháp Dương Long,1.08,5,2019-02,0,2004-01,4.614
Vũng Đục,1.06,100,2007-06,0,2004-01,94.604
Bãi biển Mỹ Khê,1.05,5,2009-08,0,2004-01,4.747
cụ Phó bảng Nguyễn Sinh Sắc,1.03,100,2007-01,0,2004-01,97.048
Bản Lác - Mai Châu,1.01,4,2018-11,0,2004-01,3.955
Lạc Cảnh Đại Nam Văn Hiến,0.99,100,2007-06,0,2004-01,100.766
Đầm Ô Loan,0.97,100,2005-03,0,2004-01,103.137
Hòn Rơm,0.97,5,2023-06,0,2004-01,5.157
Vịnh Vĩnh Hy,0.97,5,2024-07,0,2004-01,5.177
Thủy điện Yaly,0.96,44,2009-01,0,2004-01,45.921
Hòn Nưa,0.95,88,2007-12,0,2004-01,92.576
Bảo tàng Dân tộc học Việt Nam,0.95,24,2025-10,0,2004-01,25.147
Nhà máy in tiền,0.94,100,2005-06,0,2004-01,106.911
Đèo Mã Phục,0.94,92,2012-06,0,2004-01,97.96
Biển Rạng,0.92,5,2024-04,0,2004-01,5.412
Ao Bà Om,0.91,6,2024-11,0,2004-01,6.603
Ma Thiên Lãnh,0.9,3,2017-07,0,2004-01,3.315
Đền Lê Hoàn,0.89,23,2023-04,0,2004-01,25.85
Sở chỉ huy chiến dịch Điện Biên Phủ,0.85,100,2024-04,0,2004-01,117.411
Bảo tàng Quang Trung,0.84,7,2021-12,0,2004-01,8.33
Làng gốm Thanh Hà,0.82,100,2005-11,0,2004-01,122.326
Chùa Hà Tiên,0.8,4,2019-02,0,2004-01,4.986
Suối Giàng,0.79,100,2005-03,0,2004-01,127.053
Hồ Bán Nguyệt,0.79,10,2014-04,0,2004-01,12.584
Bảo tàng Lịch sử quốc gia,0.79,7,2025-03,0,2004-01,8.894
Phố đi bộ Nguyễn Huệ,0.78,6,2015-08,0,2004-01,7.66
Chùa Đất Sét,0.78,50,2007-06,0,2004-01,63.835
Con Sẻ Tre,0.76,6,2020-07,0,2004-01,7.89
Trạng Trình Nguyễn Bỉnh Khiêm,0.75,6,2025-11,0,2004-01,8.051
Chùa Trăm Gian,0.75,12,2012-08,0,2004-01,15.939
Yok Đôn,0.75,7,2023-04,0,2004-01,9.393
Bảo tàng Bạch Đằng,0.74,100,2010-09,0,2004-01,135.567
Bãi biển Cảnh Dương,0.74,100,2009-08,0,2004-01,134.872
Chùa Xiêm Cán,0.73,100,2007-07,0,2004-01,136.269
Chùa Ông Bắc,0.72,18,2024-12,0,2004-01,25.048
Cầu Trường Tiền,0.72,7,2021-11,0,2004-01,9.741
Chùa Bổ Đà,0.72,10,2024-02,0,2004-01,13.842
Tháp Bánh Ít,0.72,6,2023-03,0,2004-01,8.349
Sông Thu Bồn,0.72,6,2025-10,0,2004-01,8.349
Khám phá động Song Long,0.71,100,2007-06,0,2004-01,139.894
Đền An Sinh,0.7,100,2006-07,0,2004-01,143.716
Thác Nậm Rứt,0.7,100,2005-10,0,2004-01,142.935
Chùa Phúc Lâm Hưng Yên,0.69,37,2020-02,0,2004-01,53.762
Bản Ngòi,0.69,7,2022-03,0,2004-01,10.115
Làng cổ Phước Tích,0.68,32,2017-01,0,2004-01,47.017
Long Điền Sơn,0.66,4,2024-02,0,2004-01,6.046
Đền Vua Bà,0.65,14,2022-02,0,2004-01,21.407
Thành cổ Bắc Ninh,0.65,100,2004-11,0,2004-01,154.706
Đầm Vạc,0.65,2,2011-04,0,2004-01,3.076
Hòn Thơm,0.63,6,2022-06,0,2004-01,9.506
Bản Dền,0.62,79,2009-10,0,2004-01,127.466
Đền Quả Sơn,0.62,24,2009-12,0,2004-01,38.724
Dinh Thầy Thím,0.62,4,2022-02,0,2004-01,6.415
Bãi biển Hồ Cốc,0.61,100,2007-07,0,2004-01,164.375
Văn Miếu Huế,0.61,100,2006-09,0,2004-01,164.375
Chùa Vẽ,0.61,5,2025-02,0,2004-01,8.219
Thác Phú Cường,0.61,7,2023-04,0,2004-01,11.506
Làng tranh Đông Hồ,0.6,4,2020-12,0,2004-01,6.701
Chùa Hiến,0.59,21,2010-02,0,2004-01,35.404
Thác Đambri,0.58,35,2014-05,0,2004-01,60.559
Chùa Thạch Long,0.58,28,2025-05,0,2004-01,48.131
Marine Plaza,0.58,100,2004-11,0,2004-01,173.026
Thác Gia Long,0.58,7,2022-03,0,2004-01,12.112
Thác Thủy Tiên,0.58,100,2004-08,0,2004-01,173.026
Cù Lao Câu,0.56,6,2009-01,0,2004-01,10.662
Thác Lệ Kim,0.56,100,2007-10,0,2004-01,177.703
Hồ Suối Vàng,0.56,4,2017-11,0,2004-01,7.108
Hoàng Trù,0.56,9,2009-06,0,2004-01,16.212
Chợ Đồng Văn,0.56,3,2009-05,0,2004-01,5.331
Bãi biển Cửa Lò,0.55,11,2022-07,0,2004-01,20.09
Đèo Gió,0.54,4,2021-12,0,2004-01,7.357
Chùa Vạn Niên,0.54,6,2024-02,0,2004-01,11.035
Chùa Phước Lâm,0.54,100,2004-11,0,2004-01,183.916
Cung Thể thao Tiên Sơn,0.53,37,2010-06,0,2004-01,69.507
Chùa Nôdol,0.52,100,2006-04,0,2004-01,193.382
Chùa Hồ Thiên,0.52,3,2022-03,0,2004-01,5.717
Đồi cát bay Mũi Né,0.52,100,2005-08,0,2004-01,191.971
Núi Bạch Mã,0.52,5,2021-12,0,2004-01,9.599
thanh niên xung phong Ngã ba Đồng Lộc,0.51,21,2018-04,0,2004-01,41.526
Chùa Phật tích Trúc Lâm Bản Giốc,0.51,100,2011-01,0,2004-01,194.815
Gành Yến,0.5,45,2009-04,0,2004-01,89.659
Nhà thờ gỗ Kon Tum,0.5,4,2017-02,0,2004-01,7.97
Hòn Chùa,0.5,8,2014-12,0,2004-01,15.939
Chợ Bình Tây,0.49,4,2007-06,0,2004-01,8.155
Đồi Vọng Cảnh,0.48,40,2006-12,0,2004-01,82.835
Chùa Nam Nhã,0.48,8,2019-02,0,2004-01,16.832
Bãi Đá Nhảy,0.48,6,2025-06,0,2004-01,12.624
Địa đạo Vịnh Mốc,0.48,100,2006-01,0,2004-01,207.087
Phá Tam Giang,0.48,2,2010-05,0,2004-01,4.142
Hòn Đỏ,0.46,9,2014-12,0,2004-01,19.562
Chùa Hang Thái Nguyên,0.46,4,2019-02,0,2004-01,8.767
Khu phố cổ Hội An,0.46,100,2004-11,0,2004-01,215.574
nước khoáng nóng Tiên Lãng,0.46,100,2004-11,0,2004-01,219.167
Chợ Rừng,0.46,2,2018-04,0,2004-01,4.383
Hội quán Quảng Đông,0.46,6,2022-02,0,2004-01,13.15
Bãi biển Tam Thanh,0.46,94,2009-10,0,2004-01,206.017
Đầm Thị Nại,0.45,40,2007-02,0,2004-01,88.403
Chùa Phước Kiển,0.45,22,2017-02,0,2004-01,49.034
Chợ phiên Bắc Hà,0.44,3,2022-08,0,2004-01,6.802
Lễ hội chùa Dâu,0.44,100,2007-09,0,2004-01,224.786
Lăng Đồng Khánh,0.44,7,2012-11,0,2004-01,15.871
lịch sử Tức Dụp,0.44,24,2019-10,0,2004-01,54.887
Chùa Hương Lãng,0.43,51,2012-02,0,2004-01,119.759
Núi Đá Bia,0.43,100,2004-09,0,2004-01,232.743
Thác Prenn,0.43,2,2018-07,0,2004-01,4.614
Hồ Sinh Thái Bản Chang,0.43,100,2008-07,0,2004-01,232.743
Thành cổ Sơn Tây,0.43,100,2004-01,0,2004-02,234.821
Quần đảo Nam Du,0.43,4,2024-04,0,2004-01,9.393
Đền thờ Lê Phụng Hiểu,0.42,100,2009-03,0,2004-01,239.091
Thác Hiêu,0.42,18,2025-08,0,2004-01,43.036
Thác Dray Sáp,0.42,16,2015-05,0,2004-01,38.255
Bảo tàng Kon Tum,0.42,100,2008-05,0,2004-01,239.091
Hồ Tà Pạ,0.41,100,2004-03,0,2004-01,245.794
Khu tưởng niệm Vương triều Mạc,0.41,100,2006-01,0,2004-01,241.284
Thiền viện Trúc Lâm Tây Thiên,0.41,32,2006-07,0,2004-01,78.654
Đền Tiên La,0.41,10,2025-01,0,2004-01,24.128
Chùa Cao Linh,0.41,15,2012-08,0,2004-01,36.869
Phố đi bộ Tiên Yên,0.41,100,2019-03,0,2004-01,243.519
Thác Xung Khoeng,0.41,100,2004-08,0,2004-01,241.284
Chùa Bửu Phong,0.4,100,2004-10,0,2004-01,252.885
cách mạng khu mỏ than Mạo Khê,0.4,100,2008-08,0,2004-01,250.476
Thác Ồ Ồ,0.4,100,2006-04,0,2004-01,250.476
Vincom Hạ Long center,0.4,100,2007-05,0,2004-01,248.113
Chùa Vân An,0.4,100,2005-04,0,2004-01,250.476
Làng nghề tương Bần,0.4,100,2005-02,0,2004-01,252.885
Chùa núi Châu Thới,0.4,100,2004-12,0,2004-01,252.885
Đền Đồng Xâm,0.4,100,2004-12,0,2004-01,250.476
Chùa Tháp Tường Long,0.39,100,2007-06,0,2004-01,257.843
Thành cổ Nghị Lang,0.39,100,2006-06,0,2004-01,255.34
Lễ hội Thanh Minh,0.39,4,2024-10,0,2004-01,10.214
Làng trầu Vị Thủy,0.39,100,2006-11,0,2004-01,257.843
Núi Thiên Cầm,0.39,9,2022-01,0,2004-01,23.206
Đảo Cò Chi Lăng Nam,0.39,100,2007-02,0,2004-01,257.843
Núi Hàm Rồng Thành phố Pleiku,0.39,100,2007-03,0,2004-01,255.34
lịch sử văn hóa Hàm Rồng,0.39,100,2005-10,0,2004-01,257.843
Hang Rái,0.39,2,2016-04,0,2004-01,5.107
Đình Tuý Loan,0.39,100,2007-06,0,2004-01,255.34
Nghĩa trang liệt sỹ A1,0.39,100,2008-05,0,2004-01,255.34
Chợ Tiên Yên,0.38,100,2004-06,0,2004-01,260.396
Bảo tàng Ninh Thuận,0.38,100,2004-12,0,2004-01,263.0
lăng Mạc Cửu,0.38,68,2007-01,0,2004-01,180.646
Cù Lao An Bình và Bình Hòa Phước,0.38,100,2006-07,0,2004-01,263.0
Cây dã hương nghìn năm tuổi,0.38,100,2004-09,0,2004-01,263.0
Bảo tàng Tổng hợp,0.38,100,2004-07,0,2004-01,263.0
làng nghề sinh vật cảnh Hồng Vân,0.38,100,2007-11,0,2004-01,263.0
Cung Quy hoạch và Hội chợ triển lãm tỉnh Quảng Ninh,0.38,100,2004-03,0,2004-01,263.0
Núi Lang Bian,0.38,100,2004-07,0,2004-01,263.0
Chợ nổi Trà Ôn,0.38,100,2006-02,0,2004-01,260.396
"Văn hóa, Thể thao các dân tộc vùng Đông Bắc",0.38,100,2013-05,0,2004-01,263.0
Đình Đền Công - chùa Long Khánh - miếu Cổ Linh,0.38,100,2004-02,0,2004-01,263.0
Lăng Dinh Hương,0.38,100,2004-09,0,2004-01,263.0
Lung Ngọc Hoàng,0.38,4,2023-04,0,2004-01,10.626
Phya Khao,0.38,100,2009-08,0,2004-01,263.0
Buôn Đôn,0.38,1,2016-03,0,2004-01,2.657
Thác Khe Tiền,0.38,100,2005-04,0,2004-01,263.0
Thác Khuôn Tát,0.38,100,2006-09,0,2004-01,263.0
Đền Quốc mẫu Âu Cơ,0.38,100,2004-02,0,2004-01,263.0
Hồ Truồi,0.38,100,2005-03,0,2004-01,260.396
Chùa Ông Thành phố Cần Thơ,0.38,100,2009-04,0,2004-01,263.0
và sân golf Tam Đảo,0.38,100,2005-10,0,2004-01,260.396
Bản Đá Bia,0.38,100,2004-07,0,2004-01,260.396
Suối nước nóng U Va,0.38,100,2008-05,0,2004-01,263.0
Nhà thờ Chính tòa Bắc Ninh,0.38,100,2004-02,0,2004-01,263.0
"Nhà trưng bày hiện vật, cổ vật văn hoá Thái",0.38,100,2005-02,0,2004-01,263.0
Chùa Dạm,0.38,100,2004-09,0,2004-01,263.0
Động Hua Mạ,0.38,100,2005-05,0,2004-01,263.0
Hang động Brai,0.38,100,2009-01,0,2004-01,263.0
Lễ hội đền Bà Chúa Kho,0.38,100,2004-09,0,2004-01,260.396
Hang Thẩm Ồm,0.38,100,2007-09,0,2004-01,263.0
Hang Thắm Nàng Màn,0.38,100,2006-03,0,2004-01,260.396
Thác Diệu Thanh,0.38,100,2008-02,0,2004-01,260.396
Bảo tàng Hồ Chí Minh Thừa Thiên Huế,0.38,100,2004-12,0,2004-01,263.0
Gió & Nước Bình Dương,0.38,100,2004-08,0,2004-01,263.0
Đền Dẻ Đoóng,0.38,100,2005-10,0,2004-01,263.0
Vịnh Lăng Cô,0.38,11,2008-05,0,2004-01,29.222
Đền Quốc Mẫu Âu Cơ,0.38,100,2004-02,0,2004-01,263.0
Khu phố cổ Hà Nội,0.37,1,2011-01,0,2004-01,2.74
Nhà thờ họ Lê,0.37,12,2025-02,0,2004-01,32.536
Thắng cảnh Tràng Kênh,0.37,90,2009-05,0,2004-01,244.021
Cù lao Thới Sơn,0.37,3,2019-04,0,2004-01,8.051
Tháp Bình Sơn,0.37,6,2008-10,0,2004-01,16.102
Chùa Đà Quận,0.36,4,2017-04,0,2004-01,11.191
Đền Bà Đế,0.36,22,2007-05,0,2004-01,61.553
Thác Ba Tầng,0.36,21,2018-06,0,2004-01,58.137
Làng đá mỹ nghệ Non Nước,0.36,4,2012-11,0,2004-01,11.191
Đèo Giàng,0.36,12,2022-12,0,2004-01,33.574
Tháp Hòa Lai,0.36,2,2023-05,0,2004-01,5.596
Bảo tàng Lịch sử thành phố Hồ Chí Minh,0.35,3,2023-03,0,2004-01,8.67
Đồi A1,0.35,9,2024-05,0,2004-01,26.011
Lễ hội Đền Vua Lê,0.35,17,2023-02,0,2004-01,49.132
Đền Bà Triệu,0.35,3,2023-03,0,2004-01,8.67
Bãi biển Lăng Cô,0.35,5,2022-11,0,2004-01,14.451
Thành cổ Xương Giang,0.33,86,2005-06,0,2004-01,263.0
Thích ca Phật Đài,0.33,1,2011-12,0,2004-01,3.023
Biển Cổ Thạch,0.33,2,2023-07,0,2004-01,6.046
Làng Rượu Vân Hà,0.33,84,2009-11,0,2004-01,256.884
đất ngập nước Vân Long,0.33,68,2009-06,0,2004-01,205.563
Suối Khoáng Nóng Hua Pe,0.32,76,2006-07,0,2004-01,235.153
Bãi biển Mũi Né,0.32,2,2022-07,0,2004-01,6.262
Làng nhà sàn Thái Hải,0.32,78,2007-06,0,2004-01,247.157
Đền Kỳ Sầm,0.32,36,2024-12,0,2004-01,112.714
Thị xã Mường Lay,0.31,2,2023-06,0,2004-01,6.494
Suối Tiên Bà Rịa - Vũng Tàu,0.31,45,2016-11,0,2004-01,144.329
Chùa Trầm,0.31,19,2006-11,0,2004-01,61.691
Suối Nước Moọc,0.3,10,2016-04,0,2004-01,32.875
Đền Vua Lê,0.3,2,2023-02,0,2004-01,6.658
Cầu Hang Tôm,0.3,22,2018-06,0,2004-01,72.325
Một Thoáng Việt Nam,0.3,7,2010-07,0,2004-01,23.012
Sân golf Đồng Mô,0.3,1,2012-10,0,2004-01,3.288
Chiến thắng Chương Thiện,0.3,16,2025-03,0,2004-01,52.6
Đền Chử Đồng Tử,0.29,4,2014-02,0,2004-01,14.027
Bãi biển Thuận An,0.29,4,2021-04,0,2004-01,14.027
Chợ Hạ Long 1,0.29,3,2022-04,0,2004-01,10.52
biển Bãi Lữ,0.28,4,2012-07,0,2004-01,14.411
Làng rau Trà Quế,0.28,28,2007-06,0,2004-01,99.514
Cánh đồng Mường Thanh,0.27,51,2024-11,0,2004-01,188.915
Bãi biển Nam Ô,0.27,5,2022-04,0,2004-01,18.264
Khoáng nóng Địa chất,0.27,4,2021-11,0,2004-01,15.029
Tượng đài Mẹ Việt Nam anh hùng,0.27,10,2015-03,0,2004-01,36.528
Đồng Cừu An Hòa,0.27,71,2005-07,0,2004-01,263.0
Chùa Linh Sơn Lâm Đồng,0.27,71,2004-12,0,2004-01,263.0
Đèo Đá Trắng,0.27,3,2022-02,0,2004-01,11.113
Ngục Kon Tum,0.26,12,2021-10,0,2004-01,46.412
Thác Dray Nur,0.26,2,2023-03,0,2004-01,7.623
Núi đôi Quản Bạ,0.26,5,2025-05,0,2004-01,19.338
Đình làng Đình Bảng,0.26,22,2010-11,0,2004-01,83.855
Bãi biển Nhật Lệ,0.25,15,2008-04,0,2004-01,59.773
Khu mộ Đại tướng Võ Nguyên Giáp,0.25,10,2013-10,0,2004-01,40.462
Chùa Hội Khánh,0.25,2,2019-07,0,2004-01,7.851
Bảo tàng tỉnh Tuyên Quang,0.24,54,2007-06,0,2004-01,225.429
Chùa Quan Đế,0.24,21,2010-10,0,2004-01,89.081
Động Hàm Rồng,0.24,12,2025-03,0,2004-01,50.903
Làng rèn Phúc Sen,0.24,23,2016-12,0,2004-01,97.565
Thác Khe Vằn,0.23,53,2006-08,0,2004-01,228.508
Thác Nhị Hồ,0.23,58,2006-05,0,2004-01,254.233
Di sản văn hóa Mỹ Sơn,0.22,4,2022-03,0,2004-01,18.138
Cánh Đồng Hoa Hướng Dương,0.22,7,2007-09,0,2004-01,32.298
vườn chim Thung Nham,0.22,2,2019-02,0,2004-01,8.915
Đền thờ Trần Hưng Đạo,0.22,2,2023-02,0,2004-01,9.228
Hồ Xạ Hương,0.22,5,2022-11,0,2004-01,22.672
Thác Đầu Đẳng Bắc Kạn,0.22,58,2009-06,0,2004-01,263.0
Hang cá Cẩm Lương,0.21,53,2006-08,0,2004-01,253.436
Lễ hội đền Dẻ Đoóng,0.21,29,2019-04,0,2004-01,138.673
Cánh đồng Hoa Hồng Sa Đéc,0.21,16,2020-01,0,2004-01,75.143
Chùa Sùng Phúc,0.21,4,2013-12,0,2004-01,19.481
Tháp Chóp Mạt,0.21,55,2008-04,0,2004-01,263.0
Đền An Mã,0.21,6,2023-02,0,2004-01,28.691
Mũi Trèo,0.21,5,2017-04,0,2004-01,24.352
Chùa Âng,0.2,2,2013-04,0,2004-01,9.925
Văn miếu Diên Khánh,0.19,31,2022-08,0,2004-01,163.06
Thác Yang Bay,0.19,2,2016-02,0,2004-01,10.314
Buôn Jun,0.19,43,2010-02,0,2004-01,230.796
Cầu Ngói Thanh Toàn,0.19,14,2007-12,0,2004-01,75.143
anh hùng liệt sỹ Kim Đồng,0.19,30,2017-04,0,2004-01,154.706
Bảo tàng - Thư viện tỉnh - Quảng trường 30/10,0.19,51,2008-09,0,2004-01,263.0
Lăng Thoại Ngọc Hầu,0.19,3,2019-09,0,2004-01,16.102
Thác Pa Sỹ,0.18,12,2008-04,0,2004-01,67.149
Đền Pác Tạ,0.18,28,2020-02,0,2004-01,153.417
Hang Én,0.18,10,2023-12,0,2004-01,54.792
Chùa Linh Sơn Thành phố Hồ Chí Minh,0.18,46,2007-08,0,2004-01,257.404
Làng nghề Thổ Hà,0.17,9,2023-04,0,2004-01,51.457
Làng gốm Phù Lãng,0.17,19,2009-10,0,2004-01,108.63
Lũng Vân,0.17,6,2008-09,0,2004-01,35.864
Nhà thờ Thánh Phanxicô Xaviê,0.17,45,2007-04,0,2004-01,257.283
Nhà thờ Mằng Lăng,0.16,5,2008-08,0,2004-01,30.581
Thác Lựng Xanh,0.16,43,2005-02,0,2004-01,263.0
Chùa Quỳnh Lâm,0.16,3,2025-02,0,2004-01,19.244
Quần đảo Cát Bà,0.16,2,2023-09,0,2004-01,12.829
Làng Văn hóa - Du lịch các dân tộc Việt Nam,0.16,2,2014-04,0,2004-01,12.829
Búng Bình Thiên,0.16,1,2014-09,0,2004-01,6.116
Khu căn cứ Tỉnh ủy,0.15,3,2024-04,0,2004-01,20.231
Nhà đày Buôn Ma Thuột,0.15,4,2024-04,0,2004-01,26.974
Bia Thoại Sơn,0.15,32,2021-10,0,2004-01,215.795
Ruộng bậc thang Mù Cang Chải,0.15,1,2013-09,0,2004-01,6.744
Thạch Ky điếu tẩu,0.14,16,2021-08,0,2004-01,110.737
Giếng Ngọc - Đền Cùng,0.14,35,2004-10,0,2004-01,255.694
Cồn Chim,0.14,1,2020-01,0,2004-01,6.921
Lễ hội Cá Ông,0.14,3,2021-01,0,2004-01,21.324
Đình làng Hải Châu,0.14,20,2009-05,0,2004-01,142.162
Đền Đậu An,0.14,2,2017-02,0,2004-01,13.842
U Minh Thượng,0.14,1,2018-09,0,2004-01,7.306
Nhà hát thành phố Hồ Chí Minh,0.14,3,2025-03,0,2004-01,21.917
Nhà thờ Phủ Cam,0.13,1,2016-12,0,2004-01,7.514
Đình Thổ Hà,0.13,2,2021-11,0,2004-01,15.029
Bảo tàng Mỹ Thuật Đà Nẵng,0.13,2,2021-04,0,2004-01,15.471
Chùa Tôn Thạnh,0.13,10,2009-07,0,2004-01,75.143
Tháp Pôrômê,0.13,33,2008-01,0,2004-01,247.971
Việt phủ Thành Chương,0.13,5,2013-05,0,2004-01,37.571
Công viên Đồng Xanh,0.13,7,2008-06,0,2004-01,52.6
Tháp Nhạn,0.13,24,2005-08,0,2004-01,180.343
Bãi biển Cửa Việt,0.13,3,2022-07,0,2004-01,22.543
Động Nàng Tiên,0.13,2,2025-01,0,2004-01,15.029
Cửu vị thần công,0.12,6,2014-08,0,2004-01,50.903
Hang Thẩm Púa,0.12,32,2018-04,0,2004-01,263.0
Nhạc Sĩ Cao Văn Lầu,0.12,3,2023-12,0,2004-01,24.656
Động Xá Nhè,0.12,31,2025-04,0,2004-01,263.0
Động Tiên Phi,0.12,2,2021-11,0,2004-01,16.968
Đền thờ Trần Quý Cáp,0.12,32,2018-10,0,2004-01,263.0
Núi Ba Thê,0.12,3,2023-08,0,2004-01,25.452
đồi Him Lam,0.11,7,2014-04,0,2004-01,63.483
Nhà thờ Bác Trạch,0.11,3,2020-12,0,2004-01,28.179
Hải Thượng Lãn Ông Lê Hữu Trác,0.11,14,2008-04,0,2004-01,131.5
Bán đảo Đầm Môn,0.11,30,2024-02,0,2004-01,263.0
Suối nước nóng Kim Bôi,0.11,2,2013-12,0,2004-01,18.138
lịch sử Truông Bồn,0.11,4,2012-07,0,2004-01,35.067
Bãi biển Cửa Tùng,0.11,19,2009-04,0,2004-01,172.31
Danh thắng Thượng Lâm,0.11,29,2018-12,0,2004-01,263.0
Nghĩa trang liệt sĩ Trường Sơn,0.11,3,2025-07,0,2004-01,27.207
Đình Tây Đằng,0.1,2,2023-11,0,2004-01,20.231
Chùa Yên Mỹ,0.1,26,2006-04,0,2004-01,263.0
Đền Chiêu Trưng,0.1,10,2019-04,0,2004-01,97.407
vườn chim Bạc Liêu,0.1,3,2016-11,0,2004-01,30.346
Văn hóa Phương Nam - Nam Phương Linh Từ,0.1,4,2025-04,0,2004-01,40.462
Cầu treo Kon Klor,0.1,13,2011-07,0,2004-01,131.5
Kon Ka Kinh,0.1,24,2006-07,0,2004-01,233.778
Bà Nà - Núi Chúa,0.1,7,2011-06,0,2004-01,68.185
Thành cổ Hoàng Đế,0.1,5,2010-04,0,2004-01,48.704
Thắng cảnh Hà Tiên,0.1,22,2004-11,0,2004-01,231.44
Văn Miếu Bắc Ninh,0.1,2,2025-11,0,2004-01,21.04
Vườn cây ăn trái Lái Thiêu,0.1,24,2006-10,0,2004-01,252.48
Vườn chim Bạc Liêu,0.1,3,2016-11,0,2004-01,31.56
Lễ hội Đền Kỳ Sầm,0.09,23,2019-12,0,2004-01,263.0
Thác Tà Gụ,0.09,6,2014-09,0,2004-01,65.75
Thác Krông Kmar,0.09,24,2004-12,0,2004-01,263.0
"Đại Yên Plaza, Vụng Cặp Táo",0.09,23,2005-08,0,2004-01,263.0
Chùa Phổ Chiếu,0.09,12,2011-01,0,2004-01,137.217
Núi Thắm,0.09,1,2016-05,0,2004-01,10.958
Thác Trinh Nữ,0.08,4,2011-09,0,2004-01,50.095
Kỳ Ðài Huế,0.08,22,2009-10,0,2004-01,263.0
Hồ Pá Khoang,0.08,10,2024-10,0,2004-01,119.545
Đồn Phủ Thông,0.08,5,2018-05,0,2004-01,59.773
Thác Liêng Rơwoa,0.08,12,2014-06,0,2004-01,150.286
Du lịch sinh thái Thuận Tình,0.08,9,2016-12,0,2004-01,118.35
Lễ hội Thổ Hà,0.08,7,2024-11,0,2004-01,92.05
Chợ tình Xuân Dương,0.08,9,2024-04,0,2004-01,107.591
Lăng Gia Long,0.08,13,2006-07,0,2004-01,170.95
Lăng Kinh Dương Vương,0.08,3,2025-02,0,2004-01,39.45
Mộ bà Hoàng Thị Loan,0.08,1,2013-09,0,2004-01,13.15
Chùa Bửu Nghiêm,0.08,13,2010-12,0,2004-01,170.95
Đền Thắm,0.08,6,2025-02,0,2004-01,78.9
Nhà máy Thủy điện Na Hang,0.07,19,2023-04,0,2004-01,263.0
Cung đường Tà Năng,0.07,16,2018-05,0,2004-01,221.474
Nhà vườn Lương Quán – Nguyệt Biều,0.07,11,2020-11,0,2004-01,152.263
Lễ hội miếu Bà Chúa Xứ,0.07,2,2014-08,0,2004-01,29.222
Làng nghề dệt chiếu Hới,0.07,10,2013-06,0,2004-01,146.111
Lò Gò - Xa Mát,0.07,1,2019-06,0,2004-01,14.611
Bãi tắm Long Hải,0.06,1,2013-05,0,2004-01,15.471
Thắng cảnh Eo Gió,0.06,15,2007-08,0,2004-01,232.059
Cảng cá - Chợ cá Thuận Phước,0.06,9,2022-01,0,2004-01,157.8
Chư Mom Ray,0.06,2,2012-12,0,2004-01,30.941
Sóc Xiêm,0.06,1,2013-04,0,2004-01,16.438
Lễ hội Lồng Tồng,0.06,2,2024-12,0,2004-01,35.067
Chùa Tạu,0.06,8,2011-05,0,2004-01,140.267
Biển Thạch Hải,0.06,1,2015-12,0,2004-01,17.533
Hai cây Lim Giếng Rừng,0.06,8,2017-03,0,2004-01,140.267
Chùa cổ Long An,0.05,2,2011-05,0,2004-01,37.571
Suối nước khoáng Mỹ An,0.05,14,2010-01,0,2004-01,263.0
Chùa Từ Đàm,0.05,1,2012-08,0,2004-01,21.917
Nhà lưu niệm Huỳnh Thúc Kháng,0.05,11,2009-03,0,2004-01,222.538
Đình Bồ Bản,0.05,3,2021-12,0,2004-01,65.75
sinh thái YesHue Eco,0.05,12,2016-11,0,2004-01,263.0
Đền thờ Tiến sỹ Vũ Phi Hổ,0.05,14,2016-10,0,2004-01,263.0
Chùa Ngọa Vân,0.05,2,2016-02,0,2004-01,37.571
"Đình, chùa Yên Đông",0.05,12,2016-05,0,2004-01,263.0
Đình Nại Nam,0.05,2,2022-03,0,2004-01,37.571
Đền thờ các vua thời Lê Trung Hưng,0.05,12,2024-05,0,2004-01,263.0
Đồi chè Tân Cương,0.05,1,2020-03,0,2004-01,18.786
Nhà trưng bày Hoàng Sa,0.05,9,2008-12,0,2004-01,197.25
Chùa Ông Quảng Nam,0.05,7,2022-02,0,2004-01,141.615
Suối khoáng Mỹ Lâm,0.05,1,2012-05,0,2004-01,21.917
Lán Nà Nưa,0.05,2,2011-08,0,2004-01,40.462
Vườn chim trong thành phố,0.05,9,2025-01,0,2004-01,169.071
Dinh thự họ Vương,0.05,12,2007-08,0,2004-01,242.769
Lễ hội Xuân Ba Bể,0.05,12,2007-11,0,2004-01,263.0
Di sản thiên nhiên thế giới Phong Nha - Kẻ Bàng,0.05,2,2013-09,0,2004-01,43.833
Dinh Hoàng A Tưởng,0.05,1,2019-06,0,2004-01,18.786
Công viên nước Thanh Lễ,0.05,1,2018-03,0,2004-01,20.231
hầm Đờ Cát,0.05,3,2024-04,0,2004-01,60.692
Cồn cát trắng Tuấn Tú,0.05,12,2025-11,0,2004-01,263.0
Hồ Tịnh Tâm,0.05,2,2015-11,0,2004-01,40.462
Lễ hội làng Đồng Kỵ,0.05,6,2024-02,0,2004-01,131.5
"Khu ATK, Chợ Đồn Bắc Kạn",0.05,13,2012-02,0,2004-01,263.0
Làng nghề đúc đồng Đại Bái,0.05,6,2023-09,0,2004-01,121.385
Bãi Dứa,0.05,1,2013-06,0,2004-01,20.231
Biệt thự Bảo Đại,0.05,1,2014-06,0,2004-01,21.917
Bãi tắm Lương Ngọc,0.04,3,2018-06,0,2004-01,71.727
Thác Chín Tầng,0.04,3,2023-12,0,2004-01,71.727
Làng nghề gốm Bàu Trúc,0.04,8,2011-09,0,2004-01,210.4
Nhà bảo tàng tỉnh An Giang,0.04,10,2021-10,0,2004-01,263.0
Thành cổ Tuyên Quang,0.04,1,2013-01,0,2004-01,23.909
Đồi C1,0.04,4,2015-12,0,2004-01,95.636
Hoa giấy Thanh Tiên – Tranh dân gian Làng Sình,0.04,10,2024-10,0,2004-01,263.0
Khu di chỉ Óc Eo,0.04,9,2023-04,0,2004-01,236.7
làng nghề may Vân Từ,0.04,10,2011-09,0,2004-01,263.0
Lễ hội Đình Sàn,0.04,11,2014-01,0,2004-01,263.0
Đèo Mã Pì Lèng,0.04,5,2019-10,0,2004-01,119.545
Động Ngườm Ngao,0.04,1,2018-08,0,2004-01,26.3
Đồng Cao Bắc Giang,0.04,7,2007-04,0,2004-01,184.1
Chùa Đống Lân,0.03,8,2022-09,0,2004-01,263.0
Sân golf Sông Bé,0.03,6,2008-10,0,2004-01,197.25
Bãi biển Hoàng Hậu,0.03,1,2018-09,0,2004-01,32.875
Hồ Ghềnh Chè,0.03,1,2021-02,0,2004-01,37.571
Cồn Phú Đa,0.03,6,2009-10,0,2004-01,197.25
Hồ Vai Miếu,0.03,1,2015-07,0,2004-01,37.571
Chùa Kim Tràng,0.03,9,2008-01,0,2004-01,263.0
Thác Tà Puồng,0.03,4,2024-04,0,2004-01,131.5
Thác Háng Tề Chơ,0.03,5,2023-06,0,2004-01,146.111
Chiến thắng Mỏ Cày,0.03,3,2021-04,0,2004-01,87.667
Bia Võ Cạnh,0.03,6,2010-12,0,2004-01,225.429
Làng cây kiểng Cái Mơn,0.03,6,2009-12,0,2004-01,197.25
Khu danh thắng Tây Thiên,0.02,4,2009-03,0,2004-01,263.0
Ruộng bậc thang Hồng Thái,0.02,3,2023-12,0,2004-01,157.8
Chùa Vĩnh Nghiêm Bắc Ninh,0.02,5,2025-11,0,2004-01,263.0
Tháp Mường Luân,0.02,2,2011-01,0,2004-01,131.5
Chùa Aranhứt,0.02,5,2024-01,0,2004-01,263.0
Chùa Phúc Lâm – Dấu tích nhà Phật nơi miền sơn cước,0.02,5,2012-06,0,2004-01,263.0
Bảo tàng Tổng hợp tỉnh Quảng Ngãi,0.02,3,2014-05,0,2004-01,131.5
Thác Vũ Môn,0.02,1,2016-09,0,2004-01,65.75
Làng cổ Bích La,0.02,2,2023-04,0,2004-01,131.5
Bãi tắm Quảng Hồng,0.02,2,2020-10,0,2004-01,105.2
Đảo Bà Góa,0.02,4,2012-12,0,2004-01,175.333
Linh Sơn Viên Giác Tự,0.02,4,2021-01,0,2004-01,263.0
Chùa Long Đọi Sơn,0.02,1,2016-05,0,2004-01,52.6
Bảo tàng Đắk Lắk,0.02,6,2009-01,0,2004-01,263.0
Bảo tàng không gian văn hóa Mường,0.02,4,2010-12,0,2004-01,175.333
Đền Bồng Lai,0.02,1,2018-03,0,2004-01,43.833
Xẻo Quýt - khu di tích lịch sử - sinh thái rừng tràm,0.02,5,2012-04,0,2004-01,263.0
Hoàng Đình Giong,0.02,2,2024-05,0,2004-01,131.5
Động Đá Bạc Hoà Bình,0.02,4,2024-06,0,2004-01,263.0
Đền Đại Cại - núi Hắc Y,0.02,5,2013-11,0,2004-01,263.0
Thành cổ Luy Lâu,0.02,1,2014-07,0,2004-01,65.75
Động Tam Thanh,0.02,1,2022-03,0,2004-01,43.833
Lễ hội đình Đình Bảng,0.02,3,2017-07,0,2004-01,157.8
Du lịch A Pa Chải,0.02,3,2018-05,0,2004-01,157.8
Ghềnh Ráng Tiên Sa,0.02,4,2007-09,0,2004-01,263.0
Hồ Khe Chè,0.02,4,2021-07,0,2004-01,263.0
Suối nước nóng Kênh Gà,0.02,1,2018-02,0,2004-01,52.6
Chùa Đại Bi,0.02,1,2012-02,0,2004-01,52.6
Lễ hội Đền Từ Hả,0.02,5,2023-12,0,2004-01,263.0
Thác Đatanla,0.02,3,2011-11,0,2004-01,197.25
Đình Lạc Giao,0.02,1,2022-04,0,2004-01,43.833
Chùa Tiêu Sơn,0.02,6,2009-07,0,2004-01,263.0
Đình Hàng Kênh,0.02,1,2014-12,0,2004-01,65.75
Nhà tù Phú Quốc,0.02,1,2020-06,0,2004-01,65.75
Hiển Lâm Các,0.02,2,2018-11,0,2004-01,87.667
Mộ Ông Ích Khiêm,0.02,3,2024-07,0,2004-01,157.8
Lễ hội chùa Phật Tích Huyện Tiên Du,0.02,4,2012-11,0,2004-01,263.0
Lễ hội Suối Mỡ,0.02,5,2021-05,0,2004-01,263.0
rừng tự nhiên Bằng Tạ,0.02,1,2015-04,0,2004-01,65.75
Làng sơn mài Tương Bình Hiệp,0.02,2,2018-06,0,2004-01,131.5
Chợ phiên vùng cao Tả Sìn Thàng,0.02,3,2018-11,0,2004-01,131.5
Động Pa Thơm,0.01,3,2025-11,0,2004-01,263.0
Bãi biển Sa Huỳnh,0.01,1,2013-12,0,2004-01,131.5
Bến En,0.01,1,2018-03,0,2004-01,87.667
Làng chạm bạc Đồng Xâm,0.01,1,2023-04,0,2004-01,131.5
Bảo tàng Hồ Chí Minh Thành phố Hà Nội,0.01,1,2025-08,0,2004-01,131.5
Bản Du Lịch Pác Ngòi,0.01,2,2022-03,0,2004-01,263.0
Bản Văn Mai Châu,0.01,1,2024-12,0,2004-01,131.5
Làng du lịch Bình Quới,0.01,3,2009-10,0,2004-01,263.0
Bảo tàng Mỹ thuật Cung đình Huế,0.01,2,2014-06,0,2004-01,263.0
Thác Chênh Vênh,0.01,2,2017-05,0,2004-01,263.0
Thác Bàu Cạn,0.01,3,2022-01,0,2004-01,263.0
Mộ cổ Hàng Gòn,0.01,2,2014-11,0,2004-01,263.0
Chùa Tam Thai,0.01,1,2013-11,0,2004-01,87.667
Đình Đẩu Hàn,0.01,2,2019-01,0,2004-01,263.0
Chùa Kh'leang,0.01,1,2023-11,0,2004-01,131.5
Bảo tàng chiến thắng Điện Biên Phủ,0.01,1,2024-03,0,2004-01,87.667
Thác Pạc Sủi,0.01,2,2010-09,0,2004-01,263.0
Bảo tàng điêu khắc Chămpa,0.01,3,2014-11,0,2004-01,263.0
Danh thắng thác Bản Ba,0.01,3,2020-01,0,2004-01,263.0
Khu nhà công tử Bạc Liêu,0.01,3,2013-05,0,2004-01,263.0
Tham quan căn cứ trung ương cục miền Nam,0.01,2,2024-11,0,2004-01,263.0
Chùa Vĩnh Nghiêm Thành phố Hồ Chí Minh,0.01,2,2025-11,0,2004-01,263.0
Đát Đắng,0.01,1,2017-04,0,2004-01,131.5
Suối Ba Hồ,0.01,2,2009-12,0,2004-01,263.0
Tháp nước Phan Thiết,0.01,3,2010-02,0,2004-01,263.0
Hòn Móng Tay,0.01,1,2016-09,0,2004-01,87.667
Tây Bắc Bách Hoa Viên,0.01,3,2018-12,0,2004-01,263.0
Hang Mường Tỉnh,0.01,2,2025-11,0,2004-01,263.0
Gành Son,0.01,1,2013-03,0,2004-01,87.667
Vườn cò Tân Long,0.01,1,2022-11,0,2004-01,131.5
Thắng cảnh hồ Núi Cốc,0.01,1,2013-02,0,2004-01,87.667
Lễ hội đền Đô,0.01,1,2024-06,0,2004-01,87.667
Lễ hội đền Vua bà,0.01,2,2022-02,0,2004-01,263.0
Nhà thờ phái chư tộc Quá Giáng,0.01,3,2015-09,0,2004-01,263.0
Đồi Sứ,0.01,3,2009-07,0,2004-01,263.0
Lăng Tự Ðức,0.01,2,2020-03,0,2004-01,263.0
Lán hang Bòng,0.01,2,2017-12,0,2004-01,263.0
Hang Thẩm Váng,0.01,3,2023-05,0,2004-01,263.0
Làng gốm Hương Canh,0.01,3,2024-05,0,2004-01,263.0
Bùn khoáng nóng Mũi Né,0.01,3,2009-11,0,2004-01,263.0
Bát Bửu Phật Đài,0.01,1,2017-06,0,2004-01,87.667
Động Pê Răng Ky,0.0,0,2004-01,0,2004-01,0.0
Động Thác Bờ Hoà Bình,0.0,0,2004-01,0,2004-01,0.0
Bãi Môn - Mũi Đại Lãnh,0.0,0,2004-01,0,2004-01,0.0
Bãi biển Kỳ Co,0.0,1,2024-07,0,2004-01,263.0
Đồi cát Nam Cương,0.0,0,2004-01,0,2004-01,0.0
Đồn Phai Khắt,0.0,0,2004-01,0,2004-01,0.0
ATK - an toàn khu kháng chiến,0.0,0,2004-01,0,2004-01,0.0
đền Đa Hòa - đền Dạ Trạch - cửa Hàm Tử - Bãi Sậy,0.0,0,2004-01,0,2004-01,0.0
Núi Dùm – Cổng Trời,0.0,0,2004-01,0,2004-01,0.0
Núi Hàm Rồng Thị xã Sa Pa,0.0,0,2004-01,0,2004-01,0.0
Núi Mẫu Sơn,0.0,0,2004-01,0,2004-01,0.0
Núi Ngự Bình,0.0,0,2004-01,0,2004-01,0.0
Núi lửa Băng Mo,0.0,0,2004-01,0,2004-01,0.0
Phja Oắc - Phja Đén,0.0,0,2004-01,0,2004-01,0.0
Nhà thờ Hòn Gai,0.0,0,2004-01,0,2004-01,0.0
Nhà thờ Hải Thượng Lãn Ông,0.0,0,2004-01,0,2004-01,0.0
Đền thờ Vua Lê Thái Tổ,0.0,1,2025-11,0,2004-01,263.0
Đền thờ Đức ông Hoàng Cần,0.0,0,2004-01,0,2004-01,0.0
Địa đạo Gò Thì Thùng,0.0,0,2004-01,0,2004-01,0.0
Đồi 722,0.0,0,2004-01,0,2004-01,0.0
Thiên đường hoa Quảng La,0.0,0,2004-01,0,2004-01,0.0
Thiền viện Trúc Lâm Hậu Giang,0.0,1,2018-06,0,2004-01,263.0
Thung lũng Mai Châu,0.0,0,2004-01,0,2004-01,0.0
Lăng Dục Ðức,0.0,0,2004-01,0,2004-01,0.0
"Hang Phượng Hoàng, Suối Mỏ Gà",0.0,0,2004-01,0,2004-01,0.0
Hang Va - Hang Nước Nứt,0.0,0,2004-01,0,2004-01,0.0
Vườn Anh Đào Mường Phăng,0.0,0,2004-01,0,2004-01,0.0
Vườn Dâu Tằm Mỹ Khánh ở An Giang,0.0,0,2004-01,0,2004-01,0.0
Du lịch Suối khoáng nóng Tháp Bà Nha Trang,0.0,0,2004-01,0,2004-01,0.0
Du lịch cộng đồng Bản Mển,0.0,0,2004-01,0,2004-01,0.0
Du lịch sinh thái Rừng tràm Tân Tuyến,0.0,0,2004-01,0,2004-01,0.0
Huyền Trân Thành phố Huế,0.0,0,2004-01,0,2004-01,0.0
Hàng cau vua Tân Trụ,0.0,0,2004-01,0,2004-01,0.0
Hòn Gầm Ghì,0.0,1,2017-11,0,2004-01,263.0
Hòn Kẽm Đá Dừng,0.0,1,2012-05,0,2004-01,263.0
Hòn Mây Rút,0.0,0,2004-01,0,2004-01,0.0
Trại ngựa Bá Vân,0.0,0,2004-01,0,2004-01,0.0
Trại nuôi rắn Đồng Tâm,0.0,0,2004-01,0,2004-01,0.0
Tây Yên Tử Bắc Ninh,0.0,1,2012-09,0,2004-01,263.0
Tượng đường kéo pháo,0.0,0,2004-01,0,2004-01,0.0
Hang Mỏ Luông,0.0,0,2004-01,0,2004-01,0.0
Hang Phương Thiện,0.0,1,2025-11,0,2004-01,263.0
Lễ hội chùa Đống Lân,0.0,0,2004-01,0,2004-01,0.0
Lễ hội làng tranh Đông Hồ,0.0,0,2004-01,0,2004-01,0.0
Vườn cò Hải Lựu,0.0,0,2004-01,0,2004-01,0.0
Vườn trái cây Gò Chùa,0.0,0,2004-01,0,2004-01,0.0
Vụng Tùng Sâu,0.0,0,2004-01,0,2004-01,0.0
Cẩm Nam - Khu du lịch miệt vườn,0.0,0,2004-01,0,2004-01,0.0
Cột mốc 1317 và cửa khẩu Hoành Mô,0.0,0,2004-01,0,2004-01,0.0
Cụm du lịch hồ Dầu Tiếng,0.0,0,2004-01,0,2004-01,0.0
Miếu Ông – Miếu Bà,0.0,0,2004-01,0,2004-01,0.0
Sân chim Vàm Hồ,0.0,0,2004-01,0,2004-01,0.0
Hồ T’Nưng,0.0,1,2025-11,0,2004-01,263.0
Hồ Đa Nhim - Đèo Ngoạn Mục,0.0,1,2024-03,0,2004-01,263.0
Hồ Đăk Ke,0.0,0,2004-01,0,2004-01,0.0
Hồ Khe Chão,0.0,0,2004-01,0,2004-01,0.0
Hòn lao Mái Nhà,0.0,0,2004-01,0,2004-01,0.0
Hải đăng Mũi Dinh,0.0,0,2004-01,0,2004-01,0.0
Thắng cảnh Thạch Động,0.0,0,2004-01,0,2004-01,0.0
Thắng cảnh Đakrông,0.0,1,2013-04,0,2004-01,263.0
Toà thánh Cao Đài Tây Ninh,0.0,0,2004-01,0,2004-01,0.0
Lễ hội Mời Mẹ Trăng,0.0,1,2018-01,0,2004-01,263.0
Lễ hội chùa Bút Tháp,0.0,1,2025-02,0,2004-01,263.0
Công viên địa chất Cao nguyên đá Đồng Văn,0.0,0,2004-01,0,2004-01,0.0
chiến khu Đông Triều - chùa Bắc Mã,0.0,1,2025-06,0,2004-01,263.0
căn cứ địa cách mạng Hải Chi,0.0,0,2004-01,0,2004-01,0.0
danh lam thắng cảnh Núi Mằn,0.0,0,2004-01,0,2004-01,0.0
danh thắng Côn Sơn,0.0,0,2004-01,0,2004-01,0.0
danh thắng Yên Tử,0.0,0,2004-01,0,2004-01,0.0
Cánh đồng Tà Pạ,0.0,0,2004-01,0,2004-01,0.0
Công viên Thiên đường Bảo Sơn Thành phố Hà Nội,0.0,1,2013-04,0,2004-01,263.0
Công viên Vinpearl Safari Phú Quốc,0.0,0,2004-01,0,2004-01,0.0
Chợ rừng Dào San,0.0,1,2016-10,0,2004-01,263.0
Chợ vùng biên Nậm Cắn,0.0,0,2004-01,0,2004-01,0.0
Chủ tịch Hồ Chí Minh với chiến dịch biên giới 1950,0.0,0,2004-01,0,2004-01,0.0
làng cổ Phước Lộc Thọ,0.0,1,2025-04,0,2004-01,263.0
làng nghề khảm trai - sơn mài Chuyên Mỹ,0.0,0,2004-01,0,2004-01,0.0
lịch sử - Văn hóa Đền Cửa Ông,0.0,0,2004-01,0,2004-01,0.0
lịch sử Nà Tu,0.0,0,2004-01,0,2004-01,0.0
nhà tù và bảo tàng tỉnh Sơn La,0.0,0,2004-01,0,2004-01,0.0
Mỹ Ngọc - Công ty CP Ngọc trai Hạ Long,0.0,0,2004-01,0,2004-01,0.0
Nghĩa trang Khuê Trung,0.0,0,2004-01,0,2004-01,0.0
Rừng tràm Trà Sư Huyện Tịnh Biên,0.0,0,2004-01,0,2004-01,0.0
Làng quê Yên Đức,0.0,1,2025-11,0,2004-01,263.0
Làng rối nước Đào Thục,0.0,0,2004-01,0,2004-01,0.0
Làng vườn Bách Thuận,0.0,0,2004-01,0,2004-01,0.0
Làng đúc đồng Ngũ Xã,0.0,0,2004-01,0,2004-01,0.0
Làng dệt thổ cẩm Chăm Mỹ Nghiệp,0.0,0,2004-01,0,2004-01,0.0
Không gian trưng bày Quảng Đức Xưa,0.0,0,2004-01,0,2004-01,0.0
Tháp Chiên Đàn,0.0,0,2004-01,0,2004-01,0.0
Tháp Chiềng Sơ,0.0,0,2004-01,0,2004-01,0.0
Tháp Pô Klông Garai,0.0,0,2004-01,0,2004-01,0.0
Tháp Yang Prong,0.0,0,2004-01,0,2004-01,0.0
Tháp cổ Bình Thạnh,0.0,0,2004-01,0,2004-01,0.0
Suối Hoa Lan Khánh Hoà,0.0,0,2004-01,0,2004-01,0.0
Suối nước khoáng nóng Bang,0.0,0,2004-01,0,2004-01,0.0
Suối nước nóng Hội Vân,0.0,0,2004-01,0,2004-01,0.0
Lễ hội pháo hoa Quảng Uyên,0.0,0,2004-01,0,2004-01,0.0
Chợ Trung tâm Ba Chẽ,0.0,0,2004-01,0,2004-01,0.0
Chợ Trung tâm huyện Bình Liêu,0.0,0,2004-01,0,2004-01,0.0
Chợ nổi Phụng Hiệp,0.0,1,2012-03,0,2004-01,263.0
sinh thái Đầm Chuồn,0.0,0,2004-01,0,2004-01,0.0
suối nước khoáng nóng Thanh Tân,0.0,0,2004-01,0,2004-01,0.0
văn hóa chiến thắng Tua Hai,0.0,0,2004-01,0,2004-01,0.0
Ðàn Nam Giao,0.0,0,2004-01,0,2004-01,0.0
Ðịa đạo Củ Chi,0.0,0,2004-01,0,2004-01,0.0
Chùa và hồ Thiên Tượng,0.0,0,2004-01,0,2004-01,0.0
Đèo Long Lanh,0.0,1,2015-09,0,2004-01,263.0
Đình - Chùa Khúc Toại,0.0,0,2004-01,0,2004-01,0.0
Đình Lỗ Hạnh,0.0,0,2004-01,0,2004-01,0.0
Chùa Tuyên Linh,0.0,0,2004-01,0,2004-01,0.0
Chùa Phổ Am,0.0,0,2004-01,0,2004-01,0.0
Nhà vườn An Hiển,0.0,0,2004-01,0,2004-01,0.0
Thác đá Granite,0.0,0,2004-01,0,2004-01,0.0
Khu Bảo tồn sinh quyển thế giới Cát Bà,0.0,0,2004-01,0,2004-01,0.0
Khu bảo tồn bản văn hóa người Dao Thanh Y Bằng Cả,0.0,0,2004-01,0,2004-01,0.0
Khu bảo tồn đất ngập nước Láng Sen,0.0,1,2024-10,0,2004-01,263.0
Khu căn cứ quân sự Khe Sanh,0.0,0,2004-01,0,2004-01,0.0
Thác Ba Tia,0.0,0,2004-01,0,2004-01,0.0
Thác Bạc bản Vàng,0.0,0,2004-01,0,2004-01,0.0
Làng nghề đúc đồng Phước Kiều,0.0,1,2011-03,0,2004-01,263.0
Làng nón Phú Cam,0.0,1,2022-08,0,2004-01,263.0
Làng quan họ Viêm Xá,0.0,0,2004-01,0,2004-01,0.0
Ngục Đắk Mil,0.0,1,2011-05,0,2004-01,263.0
Nhà lưu niệm Đại tướng Võ Nguyên Giáp,0.0,1,2013-10,0,2004-01,263.0
Rừng Tràm Vị Thủy - Khu du lịch sinh thái Việt Úc,0.0,1,2022-02,0,2004-01,263.0
Rừng nguyên sinh Khe Rỗ,0.0,0,2004-01,0,2004-01,0.0
Mộ Cổ Đống Thếch,0.0,0,2004-01,0,2004-01,0.0
Mộ Nguyễn Đình Chiểu,0.0,0,2004-01,0,2004-01,0.0
Mộ vua săn bắt Voi,0.0,0,2004-01,0,2004-01,0.0
Chùa Sà Lôn,0.0,0,2004-01,0,2004-01,0.0
Đình Lục Nà,0.0,0,2004-01,0,2004-01,0.0
Đình Phong Cốc,0.0,1,2025-11,0,2004-01,263.0
Đình Đa Ngưu - Đình trăm cột,0.0,0,2004-01,0,2004-01,0.0
Đôi bờ cầu Hiền Lương - Bến Hải,0.0,0,2004-01,0,2004-01,0.0
Chùa Long Tiên,0.0,0,2004-01,0,2004-01,0.0
Chùa Lôi Âm và Hồ Yên Lập,0.0,0,2004-01,0,2004-01,0.0
Chùa Núi Tà Cú,0.0,0,2004-01,0,2004-01,0.0
Chùa Nễ Châu,0.0,0,2004-01,0,2004-01,0.0
Chùa Phúc Lâm Huyện Tiên Du,0.0,0,2004-01,0,2004-01,0.0
Chùa Khải Đoan,0.0,0,2004-01,0,2004-01,0.0
Chùa Bà Đanh - Núi Ngọc,0.0,0,2004-01,0,2004-01,0.0
Đầm Ao Châu,0.0,0,2004-01,0,2004-01,0.0
Làng du lịch Cà Ná,0.0,0,2004-01,0,2004-01,0.0
Thác Mơ Quảng Ninh,0.0,0,2004-01,0,2004-01,0.0
Thác Mơ Tuyên Quang,0.0,0,2004-01,0,2004-01,0.0
Thác Nà Khoang,0.0,0,2004-01,0,2004-01,0.0
Thác Pú Nhu,0.0,0,2004-01,0,2004-01,0.0
Thác Roọm,0.0,0,2004-01,0,2004-01,0.0
Thác Sông Moóc,0.0,0,2004-01,0,2004-01,0.0
Làng Bích Họa Cảnh Dương,0.0,1,2018-04,0,2004-01,263.0
Làng Chài Việt Hải,0.0,0,2004-01,0,2004-01,0.0
Làng Cát Cát ở Sa Pa,0.0,0,2004-01,0,2004-01,0.0
Làng Dương Nỗ,0.0,0,2004-01,0,2004-01,0.0
Thác nước Hang Chiêng - Khe Nương Dâu,0.0,0,2004-01,0,2004-01,0.0
Bảo tàng Văn hoá các Dân tộc Việt Nam,0.0,0,2004-01,0,2004-01,0.0
Bảo tàng văn hóa Phật giáo,0.0,0,2004-01,0,2004-01,0.0
Bến nghiêng - Bến tàu không số,0.0,1,2020-05,0,2004-01,263.0
Bửu Long - hồ Long Ẩn,0.0,0,2004-01,0,2004-01,0.0
Đền Cái Lân,0.0,0,2004-01,0,2004-01,0.0
Đền Ghênh,0.0,1,2021-02,0,2004-01,263.0
Đền Nguyệt Hồ,0.0,0,2004-01,0,2004-01,0.0
Đền Phượng Hoàng Hưng Yên,0.0,0,2004-01,0,2004-01,0.0
Làng gốm Thổ Hà,0.0,0,2004-01,0,2004-01,0.0
Làng mây tre đan Phú Vinh,0.0,0,2004-01,0,2004-01,0.0
Làng nghề mỹ nghệ Sơn Đồng,0.0,1,2016-05,0,2004-01,263.0
Làng nghề Đúc đồng Lộng Thượng,0.0,0,2004-01,0,2004-01,0.0
Làng nghề đan đó Thủ Sỹ,0.0,0,2004-01,0,2004-01,0.0
Thác Gougah,0.0,0,2004-01,0,2004-01,0.0
Thác Khuổi Nhi – điểm du lịch hấp dẫn,0.0,0,2004-01,0,2004-01,0.0
Làng Tre Phú An,0.0,0,2004-01,0,2004-01,0.0
Làng cổ Phú Vinh,0.0,0,2004-01,0,2004-01,0.0
Làng cổ Tuý Loan,0.0,0,2004-01,0,2004-01,0.0
Bảo tàng Hồ Chí Minh Thành phố Đà Nẵng,0.0,1,2014-03,0,2004-01,263.0
Bảo tàng Khmer Sóc Trăng,0.0,1,2016-07,0,2004-01,263.0
Bảo tàng Mỹ thuật Tp. Hồ Chí Minh,0.0,0,2004-01,0,2004-01,0.0
Bảo tàng Phú Yên,0.0,1,2024-12,0,2004-01,263.0
Bảo tàng Phụ nữ Việt Nam,0.0,1,2013-03,0,2004-01,263.0
Đền Thiên Hậu,0.0,0,2004-01,0,2004-01,0.0
Đền Trúc - Ngũ Động Sơn,0.0,0,2004-01,0,2004-01,0.0
Bản Giang Mỗ,0.0,0,2004-01,0,2004-01,0.0
Bản Pom Coọng,0.0,0,2004-01,0,2004-01,0.0
Bản dân tộc Mường,0.0,0,2004-01,0,2004-01,0.0
Bản Đá Húc,0.0,0,2004-01,0,2004-01,0.0
Núi Bài Thơ và Đền thờ Đức ông Trần Quốc Nghiễn,0.0,0,2004-01,0,2004-01,0.0
Núi Chư Hreng,0.0,0,2004-01,0,2004-01,0.0
Động Puông,0.0,1,2023-11,0,2004-01,263.0
Bãi biển Thừa Đức Bình Đại,0.0,1,2025-01,0,2004-01,263.0
Bãi biển Ðồ Sơn,0.0,0,2004-01,0,2004-01,0.0
Động Nả Phoòng,0.0,0,2004-01,0,2004-01,0.0
Bà Rá – Thác Mơ,0.0,0,2004-01,0,2004-01,0.0
Buôn Ako Dhong,0.0,0,2004-01,0,2004-01,0.0
