Destination,Mean,Median,Max,Min,Std Dev,Non-zero Count,Coverage %
Chợ Trung tâm Ba Chẽ,0.0,0.0,0.0,0.0,0.0,0,0.0
Miếu Ông – Miếu Bà,0.0,0.0,0.0,0.0,0.0,0,0.0
Phố đi bộ Tiên Yên,0.0,0.0,0.0,0.0,0.0,0,0.0
căn cứ địa cách mạng Hải Chi,0.0,0.0,0.0,0.0,0.0,0,0.0
"Văn hóa, Thể thao các dân tộc vùng Đông Bắc",0.0,0.0,0.0,0.0,0.0,0,0.0
Đền thờ Đức ông Hoàng Cần,0.0,0.0,0.0,0.0,0.0,0,0.0
Chợ Tiên Yên,0.09216366464598597,0.0,2.5974025974025974,0.0,0.3903250061575631,10,5.555555555555555
Thác Pạc Sủi,0.0,0.0,0.0,0.0,0.0,0,0.0
Chợ Trung tâm huyện Bình Liêu,0.0,0.0,0.0,0.0,0.0,0,0.0
Chợ Đồng Văn,2.6795093537122114,0.0,11.11111111111111,0.0,3.1298063110611496,88,48.888888888888886
Cột mốc 1317 và cửa khẩu Hoành Mô,0.0,0.0,0.0,0.0,0.0,0,0.0
Đình Lục Nà,0.0,0.0,0.0,0.0,0.0,0,0.0
Bãi tắm Lương Ngọc,0.0,0.0,0.0,0.0,0.0,0,0.0
Thác Khe Tiền,0.0,0.0,0.0,0.0,0.0,0,0.0
Thác Khe Vằn,0.16818280268572666,0.0,26.666666666666668,0.0,1.9951434814685847,3,1.6666666666666667
Thác Sông Moóc,0.0,0.0,0.0,0.0,0.0,0,0.0
Bãi tắm Quảng Hồng,0.0,0.0,0.0,0.0,0.0,0,0.0
Khoáng nóng Địa chất,0.08737209419756464,0.0,2.3255813953488373,0.0,0.410480076221484,8,4.444444444444445
Vũng Đục,0.3454356696074525,0.0,6.666666666666667,0.0,0.8522039480525315,33,18.333333333333332
lịch sử - Văn hóa Đền Cửa Ông,0.0,0.0,0.0,0.0,0.0,0,0.0
Công viên Hà Lan,0.5,0.0,50.0,0.0,4.264312083079689,3,1.6666666666666667
Hồ Khe Chè,0.0,0.0,0.0,0.0,0.0,0,0.0
Làng quê Yên Đức,0.0,0.0,0.0,0.0,0.0,0,0.0
Quảng Ninh Gate,0.6823343566764619,0.0,14.285714285714285,0.0,2.5804633981010747,13,7.222222222222221
Chùa Hồ Thiên,0.7594530918104115,0.0,10.0,0.0,1.3594696229192236,60,33.33333333333333
Chùa Quỳnh Lâm,0.27314918039208513,0.0,6.666666666666667,0.0,0.9170012584003543,21,11.666666666666666
chiến khu Đông Triều - chùa Bắc Mã,0.0,0.0,0.0,0.0,0.0,0,0.0
cách mạng khu mỏ than Mạo Khê,0.0,0.0,0.0,0.0,0.0,0,0.0
Chợ Rừng,3.7426582406107216,3.4482758620689653,16.666666666666664,0.0,3.1370216614157695,143,79.44444444444444
Hưng Học,84.68705838327132,59.629629629629626,380.0,23.076923076923077,60.42698448840529,180,100.0
Đền An Sinh,0.4697547835193351,0.0,6.666666666666667,0.0,1.029475455279593,40,22.22222222222222
Đền Thái,15.694861477177927,11.11111111111111,150.0,0.0,17.39853572881852,176,97.77777777777777
Chùa Yên Mỹ,0.07911205163487309,0.0,2.380952380952381,0.0,0.35454481338293936,9,5.0
Thác Mơ Quảng Ninh,0.03029378218332668,0.0,1.639344262295082,0.0,0.20419141914777597,4,2.2222222222222223
Thác Mơ Tuyên Quang,0.0,0.0,0.0,0.0,0.0,0,0.0
Đền thờ Tiến sỹ Vũ Phi Hổ,0.0,0.0,0.0,0.0,0.0,0,0.0
Đền thờ Vua Lê Thái Tổ,0.0,0.0,0.0,0.0,0.0,0,0.0
Miếu Tiên Công,0.5679312125207185,0.0,6.818181818181819,0.0,1.2935134174108651,34,18.88888888888889
Chùa Yên Giang,1.5705911891723996,0.0,22.22222222222222,0.0,3.169065685831952,65,36.11111111111111
"Đình, chùa Yên Đông",0.0,0.0,0.0,0.0,0.0,0,0.0
Bảo tàng Bạch Đằng,0.008547008547008548,0.0,1.5384615384615385,0.0,0.11467015269229697,1,0.5555555555555556
Hai cây Lim Giếng Rừng,0.014619883040935672,0.0,2.631578947368421,0.0,0.19614631381577105,1,0.5555555555555556
Nhà thờ họ Lê,0.010683760683760684,0.0,1.9230769230769231,0.0,0.14333769086537113,1,0.5555555555555556
Đình Phong Cốc,0.04629629629629629,0.0,8.333333333333332,0.0,0.6211299937499414,1,0.5555555555555556
Khu bảo tồn bản văn hóa người Dao Thanh Y Bằng Cả,0.0,0.0,0.0,0.0,0.0,0,0.0
Thiên đường hoa Quảng La,0.10879629629629631,0.0,10.0,0.0,0.9094261711408541,3,1.6666666666666667
danh lam thắng cảnh Núi Mằn,0.0,0.0,0.0,0.0,0.0,0,0.0
di tích lịch sử Bạch Đằng,0.5144143399862677,0.0,9.090909090909092,0.0,1.2157517510384366,36,20.0
"Đại Yên Plaza, Vụng Cặp Táo",0.0,0.0,0.0,0.0,0.0,0,0.0
Cung Quy hoạch và Hội chợ triển lãm tỉnh Quảng Ninh,0.0,0.0,0.0,0.0,0.0,0,0.0
Vụng Tùng Sâu,0.0,0.0,0.0,0.0,0.0,0,0.0
Chùa Lôi Âm và Hồ Yên Lập,0.0,0.0,0.0,0.0,0.0,0,0.0
Marine Plaza,1.7398562882783324,0.0,16.666666666666664,0.0,2.8202382992720887,66,36.666666666666664
Mỹ Ngọc - Công ty CP Ngọc trai Hạ Long,0.0,0.0,0.0,0.0,0.0,0,0.0
Vincom Hạ Long center,0.05050505050505051,0.0,9.090909090909092,0.0,0.6775963568181184,1,0.5555555555555556
Đền Cái Lân,0.0,0.0,0.0,0.0,0.0,0,0.0
Bảo tàng - Thư viện tỉnh - Quảng trường 30/10,0.0,0.0,0.0,0.0,0.0,0,0.0
Chợ Hạ Long 1,0.08076890148440292,0.0,1.9230769230769231,0.0,0.3385539459693021,10,5.555555555555555
Công viên Hạ Long,4.628534995239381,3.4482758620689653,66.66666666666666,0.0,6.570413475929722,124,68.88888888888889
Nhà thờ Hòn Gai,0.0,0.0,0.0,0.0,0.0,0,0.0
Chùa Ba Vàng,31.201229780202134,18.465909090909093,769.2307692307693,0.0,68.12210307401146,137,76.11111111111111
Chùa Long Tiên,0.0,0.0,0.0,0.0,0.0,0,0.0
Núi Bài Thơ và Đền thờ Đức ông Trần Quốc Nghiễn,0.0,0.0,0.0,0.0,0.0,0,0.0
Thác Lựng Xanh,0.0,0.0,0.0,0.0,0.0,0,0.0
Chùa Phổ Am,0.0,0.0,0.0,0.0,0.0,0,0.0
Văn Miếu - Quốc Tử Giám,34.97361024285006,25.0,211.76470588235296,2.564102564102564,31.43340873623027,180,100.0
danh thắng Yên Tử,0.3358654587262115,0.0,10.0,0.0,1.2212358688085514,21,11.666666666666666
Đình Đền Công - chùa Long Khánh - miếu Cổ Linh,0.06944444444444445,0.0,12.5,0.0,0.9316949906249125,1,0.5555555555555556
Du lịch sinh thái Rừng tràm Tân Tuyến,0.0,0.0,0.0,0.0,0.0,0,0.0
Tháp cổ Bình Thạnh,0.01851851851851852,0.0,3.3333333333333335,0.0,0.24845199749997665,1,0.5555555555555556
Vườn Dâu Tằm Mỹ Khánh ở An Giang,0.0,0.0,0.0,0.0,0.0,0,0.0
Vườn trái cây Gò Chùa,0.01515058452593002,0.0,1.4925373134328357,0.0,0.14397602796823153,2,1.1111111111111112
Công viên nước Thanh Lễ,0.4526928053259479,0.0,9.090909090909092,0.0,1.1225042743684581,38,21.11111111111111
Cụm du lịch hồ Dầu Tiếng,0.0,0.0,0.0,0.0,0.0,0,0.0
Gió & Nước Bình Dương,0.0,0.0,0.0,0.0,0.0,0,0.0
làng cổ Phước Lộc Thọ,0.020500886524822695,0.0,2.127659574468085,0.0,0.19623110836205437,2,1.1111111111111112
Cánh Đồng Bất Tận,62.37362596553773,8.012820512820513,2000.0,0.0,247.17918222172048,124,68.88888888888889
Hàng cau vua Tân Trụ,0.0,0.0,0.0,0.0,0.0,0,0.0
Làng Tre Phú An,0.0,0.0,0.0,0.0,0.0,0,0.0
Thủy Châu,74.28588740598545,50.0,400.0,12.5,68.89303441448784,180,100.0
Làng nổi Tân Lập,4.454660127157204,2.631578947368421,26.31578947368421,0.0,5.445558862923034,120,66.66666666666666
Nhà Mát,22.970860252249853,21.49859943977591,80.0,0.0,8.751646668127568,178,98.88888888888889
Nhạc Sĩ Cao Văn Lầu,0.010482180293501049,0.0,1.8867924528301887,0.0,0.14063320613206223,1,0.5555555555555556
Vườn chim Bạc Liêu,0.07130693912303107,0.0,11.11111111111111,0.0,0.8373748531748924,2,1.1111111111111112
Ma Thiên Lãnh,3.6487948413319655,2.9850746268656714,16.666666666666664,0.0,3.2279159094946404,141,78.33333333333333
Sala,65.06140159197399,61.53846153846154,285.7142857142857,28.205128205128204,27.183956407139934,180,100.0
Tham quan căn cứ trung ương cục miền Nam,0.01986660990492408,0.0,1.8518518518518516,0.0,0.1880651867908376,2,1.1111111111111112
Tháp Chóp Mạt,0.029239766081871343,0.0,5.263157894736842,0.0,0.39229262763154205,1,0.5555555555555556
Cồn Phú Đa,0.06944444444444445,0.0,12.5,0.0,0.9316949906249125,1,0.5555555555555556
Long Điền Sơn,2.0384304561879505,1.9049346879535558,12.5,0.0,2.0615341402681273,116,64.44444444444444
Làng bè,5.104372090598594,4.669331395348838,16.666666666666664,0.0,3.689217055535694,150,83.33333333333334
văn hóa chiến thắng Tua Hai,0.0,0.0,0.0,0.0,0.0,0,0.0
Bãi biển Thừa Đức Bình Đại,0.0,0.0,0.0,0.0,0.0,0,0.0
Búng Bình Thiên,0.518533749380602,0.0,14.285714285714285,0.0,1.7914789535055966,23,12.777777777777777
Lan Vương,60.39964771730782,42.857142857142854,650.0,10.1010101010101,81.62548997050514,180,100.0
Nhà Xưa,46.60554557859864,38.58560794044665,175.0,13.333333333333334,27.509095556630115,180,100.0
Chùa cổ Long An,0.3965659117102934,0.0,66.66666666666666,0.0,4.9712708162250685,4,2.2222222222222223
Chợ nổi Trà Ôn,0.042735042735042736,0.0,7.6923076923076925,0.0,0.5733507634614844,1,0.5555555555555556
Hoàng Hảo,9.69051996558022,6.666666666666667,75.0,0.0,9.44953504159526,176,97.77777777777777
Vinh Sang,63.28586702615432,17.712418300653596,633.3333333333333,3.6585365853658534,97.22283957411656,180,100.0
Hồ Tây,400.80451990873087,324.5,1200.0,85.18518518518519,203.11402381261428,180,100.0
Ngục Đắk Mil,0.0,0.0,0.0,0.0,0.0,0,0.0
Núi lửa Băng Mo,0.0,0.0,0.0,0.0,0.0,0,0.0
Thác đá Granite,0.0,0.0,0.0,0.0,0.0,0,0.0
Thác Dray Nur,1.413181604230816,1.4285714285714286,11.11111111111111,0.0,1.6822618421936186,96,53.333333333333336
Thác Thủy Tiên,0.7552985282214649,0.0,7.042253521126761,0.0,1.308029475781521,56,31.11111111111111
Tháp Yang Prong,0.08082777088625041,0.0,9.090909090909092,0.0,0.7145934721048849,4,2.2222222222222223
Đồi 722,0.07936507936507936,0.0,14.285714285714285,0.0,1.0647942749998995,1,0.5555555555555556
Bảo tàng Đắk Lắk,0.0,0.0,0.0,0.0,0.0,0,0.0
Cồn Đen,1.8800764880642538,0.0,16.666666666666664,0.0,2.7385355261080884,74,41.11111111111111
Làng nghề dệt chiếu Hới,0.0,0.0,0.0,0.0,0.0,0,0.0
Đình Lạc Giao,0.07511379637816419,0.0,3.8461538461538463,0.0,0.5029221137635203,4,2.2222222222222223
Lễ hội Đình Sàn,0.0,0.0,0.0,0.0,0.0,0,0.0
Suối Giàng,2.141925540351195,1.5038444142921754,34.78260869565217,0.0,3.5997996219168034,109,60.55555555555555
Thác Háng Tề Chơ,0.32407407407407407,0.0,50.0,0.0,3.774761913729818,2,1.1111111111111112
Thác Pú Nhu,0.009746588693957114,0.0,1.7543859649122806,0.0,0.13076420921051402,1,0.5555555555555556
Hồ Đăk Ke,0.01182033096926714,0.0,2.127659574468085,0.0,0.1585863813829638,1,0.5555555555555556
Núi Chư Hreng,0.0,0.0,0.0,0.0,0.0,0,0.0
Thác Pa Sỹ,0.2956931709778529,0.0,2.4691358024691357,0.0,0.6414716791236232,33,18.333333333333332
Đầm Vạc,4.533261264328225,2.721214365049981,40.0,0.0,5.877609518409305,160,88.88888888888889
Bảo tàng Kon Tum,0.0,0.0,0.0,0.0,0.0,0,0.0
Cầu treo Kon Klor,0.06172839506172839,0.0,11.11111111111111,0.0,0.8281733249999221,1,0.5555555555555556
Hồ Xạ Hương,0.1007255540331744,0.0,5.555555555555555,0.0,0.5952295021793244,6,3.3333333333333335
Làng gốm Hương Canh,0.0,0.0,0.0,0.0,0.0,0,0.0
Chùa Phước Kiển,0.10958848061349441,0.0,6.666666666666667,0.0,0.7503360113519607,4,2.2222222222222223
Gáo Giồng,3.085937490262795,1.9607843137254901,20.0,0.0,3.3511962425400488,136,75.55555555555556
Gò Tháp,2.9268319023862337,2.4695121951219514,14.285714285714285,0.0,2.733312466003802,133,73.88888888888889
Văn hóa Phương Nam - Nam Phương Linh Từ,0.0,0.0,0.0,0.0,0.0,0,0.0
Cánh đồng Hoa Hồng Sa Đéc,0.01633986928104575,0.0,2.941176470588235,0.0,0.2192223507352735,1,0.5555555555555556
Nhà cổ Huỳnh Thủy Lê,0.328800138787588,0.0,9.090909090909092,0.0,1.1741932044679735,19,10.555555555555555
Thác Phú Cường,0.1543473612489243,0.0,3.4482758620689653,0.0,0.5136755261408213,17,9.444444444444445
Vườn cò Hải Lựu,0.0,0.0,0.0,0.0,0.0,0,0.0
Núi Hàm Rồng Thành phố Pleiku,0.0,0.0,0.0,0.0,0.0,0,0.0
Thác Bàu Cạn,0.06172839506172839,0.0,11.11111111111111,0.0,0.8281733249999221,1,0.5555555555555556
Thác Chín Tầng,0.0,0.0,0.0,0.0,0.0,0,0.0
Thác Lệ Kim,0.028383890629640134,0.0,1.4705882352941175,0.0,0.19022864214421817,4,2.2222222222222223
Làng nhà sàn Thái Hải,0.04629629629629629,0.0,8.333333333333332,0.0,0.6211299937499413,1,0.5555555555555556
Nhà thờ Bác Trạch,0.0917423582597155,0.0,6.666666666666667,0.0,0.7208346285250908,4,2.2222222222222223
Núi Hàm Rồng Thị xã Sa Pa,0.0,0.0,0.0,0.0,0.0,0,0.0
Trại ngựa Bá Vân,0.0,0.0,0.0,0.0,0.0,0,0.0
Chùa Hang Thái Nguyên,0.796081015395732,0.0,6.666666666666667,0.0,1.3136410110668548,64,35.55555555555556
Hồ Ghềnh Chè,0.0,0.0,0.0,0.0,0.0,0,0.0
Hồ Vai Miếu,0.010893246187363833,0.0,1.9607843137254901,0.0,0.1461482338235157,1,0.5555555555555556
Thác Khuôn Tát,0.0,0.0,0.0,0.0,0.0,0,0.0
Thác Nậm Rứt,0.0,0.0,0.0,0.0,0.0,0,0.0
Thác Prenn,1.9259230741877051,1.4285714285714286,20.0,0.0,2.658121171267768,104,57.77777777777777
Đát Đắng,0.015015015015015015,0.0,2.7027027027027026,0.0,0.20144756554052165,1,0.5555555555555556
Đồi chè Tân Cương,0.0,0.0,0.0,0.0,0.0,0,0.0
Chùa Linh Phước,4.08075535790155,3.1746031746031744,17.391304347826086,0.0,3.70026807633716,138,76.66666666666667
Làng Cù Lần,8.27790560205296,5.914918414918414,33.33333333333333,0.0,7.682373403149988,156,86.66666666666667
Thác Gougah,0.019157088122605363,0.0,3.4482758620689653,0.0,0.25701930775859655,1,0.5555555555555556
Đường hầm điêu khắc,0.7694437883408736,0.0,9.090909090909092,0.0,1.4485734913108477,55,30.555555555555557
Danh thắng thác Bản Ba,0.0,0.0,0.0,0.0,0.0,0,0.0
Núi Vọng Phu,1.266096514282884,0.0,12.5,0.0,2.103905531584161,73,40.55555555555556
Thác Hiêu,0.015539266117969823,0.0,1.5625,0.0,0.14802422741250615,2,1.1111111111111112
Thác Mây,3.272366792248114,2.380952380952381,16.39344262295082,0.0,3.5593360446761992,118,65.55555555555556
Núi Dùm – Cổng Trời,0.0,0.0,0.0,0.0,0.0,0,0.0
Đền Lê Hoàn,0.09035497736000099,0.0,10.0,0.0,0.7793484849200577,5,2.7777777777777777
Đền thờ các vua thời Lê Trung Hưng,0.0,0.0,0.0,0.0,0.0,0,0.0
Động Kim Sơn,1.3954268748874918,0.0,20.0,0.0,2.2484611669571453,85,47.22222222222222
Chùa Phúc Lâm – Dấu tích nhà Phật nơi miền sơn cước,0.0,0.0,0.0,0.0,0.0,0,0.0
Chùa Tạu,0.0,0.0,0.0,0.0,0.0,0,0.0
Khám phá động Song Long,0.1111111111111111,0.0,20.0,0.0,1.4907119849998596,1,0.5555555555555556
Ruộng bậc thang Hồng Thái,0.0,0.0,0.0,0.0,0.0,0,0.0
Hang Thắm Nàng Màn,0.0,0.0,0.0,0.0,0.0,0,0.0
Làng Sen,15.035693519704141,12.5,60.0,0.0,9.591688370616282,177,98.33333333333333
Mộ bà Hoàng Thị Loan,0.11040841587797214,0.0,11.11111111111111,0.0,0.9310742185649453,4,2.2222222222222223
Thác Khuổi Nhi – điểm du lịch hấp dẫn,0.0,0.0,0.0,0.0,0.0,0,0.0
Cánh đồng hoa hướng dương,3.2124306169159955,1.5038444142921754,50.0,0.0,7.265989902076552,92,51.11111111111111
Hoàng Trù,0.9250608385487458,0.0,20.0,0.0,2.3208161236871425,49,27.22222222222222
Thác Khe Kèm,0.020576131687242795,0.0,3.7037037037037033,0.0,0.27605777499997414,1,0.5555555555555556
Đảo chè Thanh Chương,0.15814351340667127,0.0,8.333333333333332,0.0,1.0011210228652319,5,2.7777777777777777
Danh thắng Thượng Lâm,0.0,0.0,0.0,0.0,0.0,0,0.0
Nhà máy Thủy điện Na Hang,0.0,0.0,0.0,0.0,0.0,0,0.0
Suối khoáng Mỹ Lâm,0.039812536913929636,0.0,1.694915254237288,0.0,0.237997179967662,5,2.7777777777777777
Đền Pác Tạ,0.0,0.0,0.0,0.0,0.0,0,0.0
Biển Thạch Hải,0.17689179849422423,0.0,4.166666666666666,0.0,0.5782839362132943,18,10.0
Chùa Hương Tích,6.032032204377661,2.837022132796781,100.0,0.0,11.748563895338542,139,77.22222222222223
Hải Thượng Lãn Ông Lê Hữu Trác,0.1452984416334505,0.0,9.090909090909092,0.0,0.8732565185196041,8,4.444444444444445
Nhà thờ Hải Thượng Lãn Ông,0.0,0.0,0.0,0.0,0.0,0,0.0
Bảo tàng tỉnh Tuyên Quang,0.0,0.0,0.0,0.0,0.0,0,0.0
Thành cổ Tuyên Quang,0.027603731551099974,0.0,1.7857142857142856,0.0,0.21364498395687076,3,1.6666666666666667
Thác Vũ Môn,0.0,0.0,0.0,0.0,0.0,0,0.0
Vũ Quang,114.46696420504401,69.66794380587484,633.3333333333333,25.31645569620253,103.40491735022952,180,100.0
Hang Va - Hang Nước Nứt,0.0,0.0,0.0,0.0,0.0,0,0.0
Làng Bích Họa Cảnh Dương,0.01234567901234568,0.0,2.2222222222222223,0.0,0.16563466499998444,1,0.5555555555555556
Lán Nà Nưa,0.06437389770723104,0.0,10.0,0.0,0.7540342395570597,2,1.1111111111111112
Nhà lưu niệm Đại tướng Võ Nguyên Giáp,0.06172839506172839,0.0,11.11111111111111,0.0,0.8281733249999221,1,0.5555555555555556
Bãi biển Nhật Lệ,0.46519860892605874,0.0,7.6923076923076925,0.0,1.2220002183259173,34,18.88888888888889
Sông Gianh,7.13237171372535,4.669331395348838,50.0,0.0,6.850389060148198,173,96.11111111111111
Đèo Ngang,40.12006647312803,20.864427860696516,218.75,0.0,43.23923486529496,179,99.44444444444444
Động Phong Nha,20.278133797218896,14.724480578139113,200.0,0.0,19.96731202455377,179,99.44444444444444
Bãi Đá Nhảy,0.7656267879292064,0.0,7.142857142857142,0.0,1.426199650617808,53,29.444444444444446
Tháp Chiềng Sơ,0.0,0.0,0.0,0.0,0.0,0,0.0
Thị xã Mường Lay,0.5094599821148823,0.0,11.11111111111111,0.0,1.5833923277417916,33,18.333333333333332
Tượng đường kéo pháo,0.0,0.0,0.0,0.0,0.0,0,0.0
Hang Thẩm Váng,0.0,0.0,0.0,0.0,0.0,0,0.0
Hồ Pá Khoang,0.03191400016796842,0.0,3.7037037037037033,0.0,0.31444747845279664,2,1.1111111111111112
Nghĩa trang liệt sỹ A1,0.0,0.0,0.0,0.0,0.0,0,0.0
Tây Bắc Bách Hoa Viên,0.0,0.0,0.0,0.0,0.0,0,0.0
Cầu Hang Tôm,0.0,0.0,0.0,0.0,0.0,0,0.0
Cầu Mường Thanh,0.06816790072461527,0.0,2.380952380952381,0.0,0.37200172618206784,6,3.3333333333333335
Đèo Pha Đin,1.8158730166550374,0.0,20.0,0.0,3.290286352703972,78,43.333333333333336
Động Pê Răng Ky,0.0,0.0,0.0,0.0,0.0,0,0.0
Mũi Trèo,0.12367722754838593,0.0,3.571428571428571,0.0,0.5517882384938322,9,5.0
Thác Chênh Vênh,0.007215007215007215,0.0,1.2987012987012987,0.0,0.09679947954544546,1,0.5555555555555556
Thác Tà Puồng,0.006775067750677506,0.0,1.2195121951219512,0.0,0.09089707225608902,1,0.5555555555555556
Thánh địa La Vang,1.234545182716223,0.0,11.11111111111111,0.0,1.9141232813549907,80,44.44444444444444
Bãi biển Cửa Việt,0.0326797385620915,0.0,5.88235294117647,0.0,0.438444701470547,1,0.5555555555555556
Hang động Brai,0.0,0.0,0.0,0.0,0.0,0,0.0
Làng cổ Bích La,0.0,0.0,0.0,0.0,0.0,0,0.0
Đảo Cồn Cỏ,0.8254018618311705,0.0,12.5,0.0,2.3127975529468823,22,12.222222222222221
Chùa Từ Đàm,0.2938659456203316,0.0,11.11111111111111,0.0,1.4615095005290883,9,5.0
Hồ Tịnh Tâm,0.10381425384416443,0.0,6.666666666666667,0.0,0.6387365415358052,7,3.888888888888889
Nhà thờ Phủ Cam,0.18627215992103696,0.0,6.666666666666667,0.0,0.6928087206807537,18,10.0
Đồi Vọng Cảnh,0.6986166063377687,0.0,4.0,0.0,0.9804522520253199,67,37.22222222222222
Bảo tàng Hồ Chí Minh Thừa Thiên Huế,0.0,0.0,0.0,0.0,0.0,0,0.0
Lái Thiêu,33.16276744385115,30.52351375332742,100.0,14.492753623188406,12.394481228890111,180,100.0
Núi Bạch Mã,1.8720592641410327,1.5151515151515151,11.363636363636363,0.0,2.2017848058639973,103,57.22222222222222
Vịnh Lăng Cô,1.598768777487009,0.0,14.285714285714285,0.0,2.342848956056628,84,46.666666666666664
Bảo tàng văn hóa Phật giáo,0.0,0.0,0.0,0.0,0.0,0,0.0
Chùa Linh Ứng Sơn Trà,1.1182555450978848,0.0,7.142857142857142,0.0,1.4920221905318165,82,45.55555555555556
Công viên Châu Á,7.676488415487948,7.207792207792208,28.57142857142857,0.0,5.485748186571585,155,86.11111111111111
Đình làng Hải Châu,0.009578544061302681,0.0,1.7241379310344827,0.0,0.12850965387929827,1,0.5555555555555556
Bảo tàng Mỹ Thuật Đà Nẵng,0.1005791929404109,0.0,10.0,0.0,0.7827862471074406,7,3.888888888888889
Rừng dừa Bảy Mẫu,2.1269396808365517,1.7700501253132832,9.090909090909092,0.0,2.3166874700461118,96,53.333333333333336
Thác Ồ Ồ,0.0,0.0,0.0,0.0,0.0,0,0.0
Tượng đài Mẹ Việt Nam anh hùng,1.0395760856796885,0.0,83.33333333333334,0.0,6.826921357851427,22,12.222222222222221
Biển Rạng,2.1903192368781754,1.8874643874643873,12.5,0.0,2.131038660623872,128,71.11111111111111
Nhà lưu niệm Huỳnh Thúc Kháng,0.014619883040935672,0.0,2.631578947368421,0.0,0.19614631381577105,1,0.5555555555555556
Tháp Mường Luân,0.0,0.0,0.0,0.0,0.0,0,0.0
Vườn Anh Đào Mường Phăng,0.0,0.0,0.0,0.0,0.0,0,0.0
Hang Thẩm Púa,0.1111111111111111,0.0,20.0,0.0,1.4907119849998598,1,0.5555555555555556
Mường Nhé,12.517003415611073,3.7735849056603774,862.5,0.0,66.20002163908164,167,92.77777777777779
Suối Khoáng Nóng Hua Pe,0.0,0.0,0.0,0.0,0.0,0,0.0
Thành Bản Phủ,10.963034770774515,8.333333333333332,60.0,0.0,10.082124643372842,166,92.22222222222223
Hang Mường Tỉnh,0.0,0.0,0.0,0.0,0.0,0,0.0
Đồi Độc Lập,0.08634878766087717,0.0,2.3255813953488373,0.0,0.40627857987753707,8,4.444444444444445
Động Pa Thơm,0.0,0.0,0.0,0.0,0.0,0,0.0
Động Xá Nhè,0.0,0.0,0.0,0.0,0.0,0,0.0
Biển Quy Nhơn,9.507780591333319,9.523809523809524,28.125,0.0,5.661195511706287,155,86.11111111111111
Du lịch cộng đồng Bản Mển,0.0,0.0,0.0,0.0,0.0,0,0.0
Vịnh Cam Ranh,5.159879225194935,3.478523895946763,37.5,0.0,5.440147209932833,159,88.33333333333333
Đồi C1,0.11796982167352536,0.0,20.0,0.0,1.4930361996197747,2,1.1111111111111112
Làng cổ Phú Vinh,0.0,0.0,0.0,0.0,0.0,0,0.0
Suối Ba Hồ,0.4588069945809257,0.0,10.0,0.0,1.1280164852506405,36,20.0
Suối Hoa Lan Khánh Hoà,0.0,0.0,0.0,0.0,0.0,0,0.0
Thác Tà Gụ,0.023148148148148143,0.0,4.166666666666666,0.0,0.31056499687497063,1,0.5555555555555556
Gành Son,0.12654320987654322,0.0,11.11111111111111,0.0,1.0303193122610765,3,1.6666666666666667
Tháp nước Phan Thiết,0.008417508417508417,0.0,1.5151515151515151,0.0,0.11293272613635295,1,0.5555555555555556
Trường Dục Thanh,17.014665446416853,10.67629179331307,133.33333333333331,1.8518518518518516,16.4276209475076,180,100.0
Đồi cát bay Mũi Né,0.09555953207597277,0.0,3.7037037037037033,0.0,0.4822590195539703,8,4.444444444444445
Bàu Trắng,5.708248843614019,5.970149253731343,17.24137931034483,0.0,3.945284278702841,143,79.44444444444444
Bãi biển Mỹ Khê,4.391526444130893,3.125,18.181818181818183,0.0,4.1651130415683975,142,78.88888888888889
Dinh Thầy Thím,2.0625863157593964,1.667129758266185,11.11111111111111,0.0,2.3694685643769793,109,60.55555555555555
Thạch Ky điếu tẩu,0.10925954587926417,0.0,14.285714285714285,0.0,1.0996251556638266,3,1.6666666666666667
Bảo tàng Tổng hợp tỉnh Quảng Ngãi,0.0,0.0,0.0,0.0,0.0,0,0.0
Chiến thắng Mỏ Cày,0.017361111111111112,0.0,3.125,0.0,0.23292374765622814,1,0.5555555555555556
Gành Yến,0.12709779111271347,0.0,4.0,0.0,0.6289536013589813,8,4.444444444444445
Hang Câu,38.64653430993098,22.8287841191067,250.0,4.123711340206185,39.446726916980055,180,100.0
Bãi biển Sa Huỳnh,0.0,0.0,0.0,0.0,0.0,0,0.0
Sơn Mỹ,120.0734918019003,100.0,700.0,44.303797468354425,72.00130414078242,180,100.0
Thắng cảnh Eo Gió,0.012626262626262628,0.0,2.272727272727273,0.0,0.16939908920452956,1,0.5555555555555556
Đảo Lý Sơn,24.783149579530384,20.0,107.14285714285714,0.0,16.403910264720608,173,96.11111111111111
Bảo tàng Tổng hợp,0.0,0.0,0.0,0.0,0.0,0,0.0
Cồn Chim,0.4553231200667375,0.0,5.555555555555555,0.0,1.2574909822245082,22,12.222222222222221
Nhà thờ Mằng Lăng,0.42423026691914634,0.0,7.6923076923076925,0.0,1.341560605179334,18,10.0
Đầm Thị Nại,0.22276982258774047,0.0,5.555555555555555,0.0,0.9897038871737863,9,5.0
Bảo tàng Phú Yên,0.06380329909741674,0.0,7.142857142857142,0.0,0.5780010948596437,3,1.6666666666666667
Hòn Chùa,3.377932102017944,2.5,109.09090909090908,0.0,8.346906851578284,134,74.44444444444444
Hòn lao Mái Nhà,0.08754208754208755,0.0,9.090909090909092,0.0,0.8380264841190287,2,1.1111111111111112
Không gian trưng bày Quảng Đức Xưa,0.05050505050505051,0.0,9.090909090909092,0.0,0.6775963568181184,1,0.5555555555555556
Hòn Đỏ,2.6786131327968654,1.7543859649122806,118.18181818181819,0.0,8.87908577669649,124,68.88888888888889
Núi Đá Bia,0.27079990656275726,0.0,14.285714285714285,0.0,1.377933526507275,16,8.88888888888889
Vườn nho Ba Mọi,0.5086647101868036,0.0,5.263157894736842,0.0,1.2436870821014727,30,16.666666666666664
Đồng Cừu An Hòa,0.0,0.0,0.0,0.0,0.0,0,0.0
Cồn cát trắng Tuấn Tú,0.0,0.0,0.0,0.0,0.0,0,0.0
Sở chỉ huy chiến dịch Điện Biên Phủ,0.05228610824840643,0.0,4.878048780487805,0.0,0.44252088679811674,3,1.6666666666666667
Tháp Pô Klông Garai,0.0,0.0,0.0,0.0,0.0,0,0.0
Trùng Sơn Cổ Tự,0.1560532472911277,0.0,2.3255813953488373,0.0,0.47963597253255363,18,10.0
Chợ phiên vùng cao Tả Sìn Thàng,0.0,0.0,0.0,0.0,0.0,0,0.0
Cánh đồng Mường Thanh,0.14595565124665655,0.0,14.814814814814813,0.0,1.2237715453753781,5,2.7777777777777777
Du lịch A Pa Chải,0.0,0.0,0.0,0.0,0.0,0,0.0
Suối nước nóng U Va,0.0,0.0,0.0,0.0,0.0,0,0.0
Bảo tàng Ninh Thuận,0.0,0.0,0.0,0.0,0.0,0,0.0
Hải đăng Mũi Dinh,0.07936507936507936,0.0,14.285714285714285,0.0,1.0647942749998995,1,0.5555555555555556
hầm Đờ Cát,0.27517945017945017,0.0,14.285714285714285,0.0,1.4809589459286057,9,5.0
đồi Him Lam,0.06005291005291006,0.0,7.142857142857142,0.0,0.5650384007318865,3,1.6666666666666667
Làng dệt thổ cẩm Chăm Mỹ Nghiệp,0.0,0.0,0.0,0.0,0.0,0,0.0
Làng nghề gốm Bàu Trúc,0.0,0.0,0.0,0.0,0.0,0,0.0
Sakai,41.86915179577506,21.059113300492612,266.66666666666663,4.615384615384616,46.64911118365282,180,100.0
Đền Bà Chúa Kho,7.725770830501002,1.4925373134328357,175.0,0.0,20.803102208266605,100,55.55555555555556
Chùa Đống Lân,0.0,0.0,0.0,0.0,0.0,0,0.0
Lễ hội chùa Đống Lân,0.0,0.0,0.0,0.0,0.0,0,0.0
Đình Đẩu Hàn,0.0,0.0,0.0,0.0,0.0,0,0.0
Đền Vua Bà,0.3060876416013101,0.0,9.090909090909092,0.0,0.9811802695385222,24,13.333333333333334
Hồ Thang Hen,0.1823735076834277,0.0,9.090909090909092,0.0,1.0840986235094268,9,5.0
Lễ hội Đền Vua Lê,0.008680555555555556,0.0,1.5625,0.0,0.11646187382811404,1,0.5555555555555556
Vườn hoa cẩm tú,1.5948692897490477,0.0,10.714285714285714,0.0,2.363239162405479,81,45.0
Đèo Mã Phục,0.1388888888888889,0.0,25.0,0.0,1.8633899812498251,1,0.5555555555555556
Chùa Phật tích Trúc Lâm Bản Giốc,0.0,0.0,0.0,0.0,0.0,0,0.0
Lễ hội Đền Kỳ Sầm,0.0,0.0,0.0,0.0,0.0,0,0.0
Lễ hội đền Dẻ Đoóng,0.042735042735042736,0.0,7.6923076923076925,0.0,0.5733507634614843,1,0.5555555555555556
Phja Oắc - Phja Đén,0.0,0.0,0.0,0.0,0.0,0,0.0
Chùa Vân An,0.040999097216651445,0.0,2.0,0.0,0.27347850072440233,4,2.2222222222222223
Lễ hội pháo hoa Quảng Uyên,0.06172839506172839,0.0,11.11111111111111,0.0,0.8281733249999221,1,0.5555555555555556
Đền Vua Lê,1.2463431310293707,0.0,10.0,0.0,1.8537732918716296,81,45.0
Đồn Phai Khắt,0.0,0.0,0.0,0.0,0.0,0,0.0
Chủ tịch Hồ Chí Minh với chiến dịch biên giới 1950,0.08333942245790746,0.0,2.3255813953488373,0.0,0.3782781617360634,9,5.0
Lễ hội Lồng Tồng,0.9503438237254714,0.0,12.244897959183673,0.0,2.193042999301188,40,22.22222222222222
Lễ hội Mời Mẹ Trăng,0.0,0.0,0.0,0.0,0.0,0,0.0
Lễ hội Thanh Minh,1.623904300241802,0.0,40.0,0.0,3.588716803286134,78,43.333333333333336
Giếng Ngọc - Đền Cùng,0.08333972561276023,0.0,4.651162790697675,0.0,0.5019052830255412,6,3.3333333333333335
Hoàng Đình Giong,0.45754752200425075,0.0,11.940298507462686,0.0,1.281026909351293,30,16.666666666666664
Làng tranh Đông Hồ,1.7333379614383877,0.0,16.666666666666664,0.0,2.7384757914897437,87,48.333333333333336
Nhà thờ Chính tòa Bắc Ninh,0.0,0.0,0.0,0.0,0.0,0,0.0
Lăng Kinh Dương Vương,0.0987772630459206,0.0,4.3478260869565215,0.0,0.524689526482493,8,4.444444444444445
Thành cổ Luy Lâu,0.05050505050505051,0.0,9.090909090909092,0.0,0.6775963568181184,1,0.5555555555555556
Văn Miếu Bắc Ninh,0.18257073186942183,0.0,2.380952380952381,0.0,0.5417751476276074,19,10.555555555555555
Đền Dẻ Đoóng,0.0,0.0,0.0,0.0,0.0,0,0.0
Làng rèn Phúc Sen,0.034722222222222224,0.0,6.25,0.0,0.46584749531245623,1,0.5555555555555556
Pắc Bó,2.66611469434075,1.2347560975609757,33.33333333333333,0.0,4.461957834130548,94,52.22222222222223
anh hùng liệt sỹ Kim Đồng,0.0,0.0,0.0,0.0,0.0,0,0.0
Đền Kỳ Sầm,0.0,0.0,0.0,0.0,0.0,0,0.0
Thác Bản Giốc,16.604043823018255,13.182720953326712,100.0,0.0,12.490913196460609,178,98.88888888888889
rừng Trần Hưng Đạo,0.2814458597456022,0.0,11.11111111111111,0.0,1.3564197541494585,13,7.222222222222221
Đông Khê,23.78324452630909,21.052631578947366,75.0,10.256410256410255,9.918833317880988,180,100.0
Động Ngườm Ngao,0.20104634337873237,0.0,3.0303030303030303,0.0,0.581600296906494,21,11.666666666666666
Chùa Sùng Phúc,0.0,0.0,0.0,0.0,0.0,0,0.0
Chùa Tiêu Sơn,0.1388888888888889,0.0,25.0,0.0,1.8633899812498251,1,0.5555555555555556
Chùa Đà Quận,0.0,0.0,0.0,0.0,0.0,0,0.0
Thành cổ Bắc Ninh,0.5928195145412117,0.0,6.25,0.0,1.2819675210628574,34,18.88888888888889
Lễ hội chùa Dâu,0.019440254734372383,0.0,1.9607843137254901,0.0,0.18526008894537557,2,1.1111111111111112
Lễ hội chùa Phật Tích Huyện Tiên Du,0.0,0.0,0.0,0.0,0.0,0,0.0
Lễ hội làng tranh Đông Hồ,0.0,0.0,0.0,0.0,0.0,0,0.0
Lễ hội đình Đình Bảng,0.015015015015015015,0.0,2.7027027027027026,0.0,0.2014475655405216,1,0.5555555555555556
Làng quan họ Viêm Xá,0.0,0.0,0.0,0.0,0.0,0,0.0
Lễ hội chùa Bút Tháp,0.0,0.0,0.0,0.0,0.0,0,0.0
Lễ hội đền Bà Chúa Kho,0.0,0.0,0.0,0.0,0.0,0,0.0
Lễ hội đền Vua bà,0.042735042735042736,0.0,7.6923076923076925,0.0,0.5733507634614845,1,0.5555555555555556
Chùa Phúc Lâm Huyện Tiên Du,0.0,0.0,0.0,0.0,0.0,0,0.0
Làng nghề đúc đồng Đại Bái,0.0,0.0,0.0,0.0,0.0,0,0.0
Lễ hội làng Đồng Kỵ,0.010482180293501049,0.0,1.8867924528301887,0.0,0.14063320613206223,1,0.5555555555555556
Đền thờ Lê Phụng Hiểu,0.0,0.0,0.0,0.0,0.0,0,0.0
Chùa Dạm,0.08599185576873203,0.0,9.090909090909092,0.0,0.7301776353171884,4,2.2222222222222223
Chùa Phúc Lâm Hưng Yên,0.2358245988063928,0.0,11.11111111111111,0.0,1.141539124202259,13,7.222222222222221
Chùa Đại Bi,1.4649207386290815,1.2125220458553791,12.5,0.0,2.1138016102549244,94,52.22222222222223
Đình - Chùa Khúc Toại,0.0,0.0,0.0,0.0,0.0,0,0.0
Chùa Tam Sơn,1.458191272492901,1.0154639175257731,11.11111111111111,0.0,2.1410692906736557,91,50.55555555555556
Chùa Tổ,10.214414251530869,8.863576852579207,50.0,0.0,6.476502416144242,172,95.55555555555556
Hội Lim,23.437565057381374,13.060428849902532,350.0,0.0,38.30367717089974,177,98.33333333333333
Lễ hội đền Đô,0.34344293307106083,0.0,5.263157894736842,0.0,0.8500108116992862,30,16.666666666666664
Phya Khao,0.0,0.0,0.0,0.0,0.0,0,0.0
Thác Roọm,0.0,0.0,0.0,0.0,0.0,0,0.0
Thác Đầu Đẳng Bắc Kạn,0.0,0.0,0.0,0.0,0.0,0,0.0
Đền Thắm,0.015015015015015015,0.0,2.7027027027027026,0.0,0.2014475655405216,1,0.5555555555555556
Ba Bể Bắc Kạn,1.6480012148892322,1.5384615384615385,9.090909090909092,0.0,1.8505089924714828,109,60.55555555555555
Chùa Thạch Long,0.08726135507744703,0.0,11.11111111111111,0.0,0.8495922961609832,4,2.2222222222222223
Chợ tình Xuân Dương,0.0,0.0,0.0,0.0,0.0,0,0.0
Đèo Giàng,0.06177726464713105,0.0,6.666666666666667,0.0,0.5476855878344071,3,1.6666666666666667
Lễ hội Lồng tồng,1.1756958188201738,0.0,100.0,0.0,7.648194949441148,20,11.11111111111111
Lễ hội Thổ Hà,0.0,0.0,0.0,0.0,0.0,0,0.0
Lễ hội Yên Thế,0.023148148148148143,0.0,4.166666666666666,0.0,0.3105649968749705,1,0.5555555555555556
Lễ hội Đền Từ Hả,0.0,0.0,0.0,0.0,0.0,0,0.0
Cây dã hương nghìn năm tuổi,0.0,0.0,0.0,0.0,0.0,0,0.0
Khởi nghĩa Yên Thế,12.395720767267491,5.505050505050505,101.5625,0.0,16.382403684767517,143,79.44444444444444
Làng gốm Thổ Hà,0.0692359025692359,0.0,11.11111111111111,0.0,0.8337171618299506,2,1.1111111111111112
Lễ hội Suối Mỡ,0.0,0.0,0.0,0.0,0.0,0,0.0
Chùa Kim Tràng,0.0,0.0,0.0,0.0,0.0,0,0.0
Chùa Vẽ,6.087612646932285,5.334281650071123,23.52941176470588,0.0,4.309594767189695,163,90.55555555555556
Hồ Khe Chão,0.0,0.0,0.0,0.0,0.0,0,0.0
Đền Nguyệt Hồ,0.16591186686097165,0.0,6.666666666666667,0.0,0.7493210304792295,12,6.666666666666667
Cánh Đồng Hoa Hướng Dương,2.69861290254036,0.0,50.0,0.0,7.937982016703861,41,22.77777777777778
Thác Ba Tia,0.0,0.0,0.0,0.0,0.0,0,0.0
Tây Yên Tử Bắc Ninh,0.0,0.0,0.0,0.0,0.0,0,0.0
Đồng Thông,334.366562286747,295.55335968379444,1000.0,165.2173913043478,140.9822719616835,180,100.0
Lăng Dinh Hương,0.0,0.0,0.0,0.0,0.0,0,0.0
Lễ hội Xuân Ba Bể,0.0,0.0,0.0,0.0,0.0,0,0.0
Thành cổ Xương Giang,0.06675672633119441,0.0,8.333333333333332,0.0,0.6396230788448802,4,2.2222222222222223
Thác nước Hang Chiêng - Khe Nương Dâu,0.06172839506172839,0.0,11.11111111111111,0.0,0.8281733249999221,1,0.5555555555555556
"Khu ATK, Chợ Đồn Bắc Kạn",0.0,0.0,0.0,0.0,0.0,0,0.0
Đồn Phủ Thông,0.05555555555555555,0.0,10.0,0.0,0.7453559924999299,1,0.5555555555555556
lịch sử Nà Tu,0.0,0.0,0.0,0.0,0.0,0,0.0
Kim Hỷ,0.45905084721464456,0.0,11.11111111111111,0.0,1.3522162031645235,36,20.0
Hồ Sinh Thái Bản Chang,0.0,0.0,0.0,0.0,0.0,0,0.0
Thác Nà Khoang,0.0,0.0,0.0,0.0,0.0,0,0.0
Đèo Gió,3.161774396366242,2.083333333333333,33.33333333333333,0.0,3.890888145190457,138,76.66666666666667
Động Hua Mạ,0.0,0.0,0.0,0.0,0.0,0,0.0
Thác Bạc bản Vàng,0.0,0.0,0.0,0.0,0.0,0,0.0
Đền An Mã,0.03982601928008249,0.0,2.127659574468085,0.0,0.26671352936750625,4,2.2222222222222223
Động Nàng Tiên,0.6229859551590404,0.0,7.6923076923076925,0.0,1.3092948774074071,46,25.555555555555554
Động Nả Phoòng,0.0,0.0,0.0,0.0,0.0,0,0.0
Ao Tiên,13.428265741683017,8.0,100.0,0.0,13.664042334255237,179,99.44444444444444
Bản Du Lịch Pác Ngòi,0.0,0.0,0.0,0.0,0.0,0,0.0
Làng nghề tương Bần,0.0,0.0,0.0,0.0,0.0,0,0.0
Đảo Bà Góa,0.0,0.0,0.0,0.0,0.0,0,0.0
Hồ Bán Nguyệt,10.063350024284782,4.301572617946346,100.0,0.0,16.18001649138867,170,94.44444444444444
Làng nghề Đúc đồng Lộng Thượng,0.06944444444444445,0.0,12.5,0.0,0.9316949906249126,1,0.5555555555555556
Đình Đa Ngưu - Đình trăm cột,0.1388888888888889,0.0,25.0,0.0,1.8633899812498251,1,0.5555555555555556
Đền Phượng Hoàng Hưng Yên,0.0,0.0,0.0,0.0,0.0,0,0.0
Chùa Hương Lãng,0.05050505050505051,0.0,9.090909090909092,0.0,0.6775963568181183,1,0.5555555555555556
Chùa Phú Thị,0.405055186770835,0.0,3.4482758620689653,0.0,0.7550912110125753,43,23.88888888888889
Chùa Thái Lạc,0.48724240333700536,0.0,16.666666666666664,0.0,1.8227521453262827,21,11.666666666666666
đền Đa Hòa - đền Dạ Trạch - cửa Hàm Tử - Bãi Sậy,0.0,0.0,0.0,0.0,0.0,0,0.0
Làng Rượu Vân Hà,0.0,0.0,0.0,0.0,0.0,0,0.0
Làng nghề Thổ Hà,0.015365581098339718,0.0,1.7241379310344827,0.0,0.14977120082581108,2,1.1111111111111112
Núi Dành,1.8538215814917964,0.0,66.66666666666666,0.0,5.1778721602165545,89,49.44444444444444
Văn Miếu Hưng Yên,0.019847598794967215,0.0,1.8181818181818181,0.0,0.18779443691258643,2,1.1111111111111112
Hồ Cấm Sơn,0.5716494879649363,0.0,11.11111111111111,0.0,1.1601979203258435,55,30.555555555555557
Làng Nôm,0.7651254166552037,0.0,50.0,0.0,3.957012738146041,36,20.0
Làng nghề đan đó Thủ Sỹ,0.0,0.0,0.0,0.0,0.0,0,0.0
Đồng Cao Bắc Giang,2.8146997656005994,2.127659574468085,11.11111111111111,0.0,2.6061372159939773,141,78.33333333333333
Bản Đá Húc,0.0,0.0,0.0,0.0,0.0,0,0.0
Chùa Chuông,9.188330465462759,6.997144022847817,40.0,0.0,7.054222789247963,170,94.44444444444444
Đền Quốc Mẫu Âu Cơ,0.0,0.0,0.0,0.0,0.0,0,0.0
Đền Thiên Hậu,0.022021629164486307,0.0,2.0408163265306123,0.0,0.2084240512975855,2,1.1111111111111112
Hang Chiều,8.44953211253205,5.263157894736842,100.0,0.0,11.362490081966708,130,72.22222222222221
Mộ Cổ Đống Thếch,0.0,0.0,0.0,0.0,0.0,0,0.0
Đền Bồng Lai,0.06746031746031746,0.0,7.142857142857142,0.0,0.6481656418299161,2,1.1111111111111112
Động Thác Bờ Hoà Bình,0.0,0.0,0.0,0.0,0.0,0,0.0
Bản Giang Mỗ,0.0,0.0,0.0,0.0,0.0,0,0.0
Bản Ngòi,5.162260144962788,3.9230769230769234,33.33333333333333,0.0,5.9314111939525045,124,68.88888888888889
Bản Pom Coọng,0.0,0.0,0.0,0.0,0.0,0,0.0
Bản Văn Mai Châu,0.05086117586117586,0.0,2.564102564102564,0.0,0.3411290953199043,4,2.2222222222222223
Bản Bước,85.56087511449485,68.99038461538461,366.66666666666663,20.689655172413794,64.22344976540204,180,100.0
Bản Đá Bia,0.016157358623112048,0.0,1.5384615384615385,0.0,0.1531129086224737,2,1.1111111111111112
Hồ Hoàn Kiếm,33.98291673255645,24.06896551724138,466.6666666666667,3.3333333333333335,40.41008121832042,180,100.0
Quần đảo Nam Du,1.9617030302911371,0.0,14.285714285714285,0.0,2.920464376219352,78,43.333333333333336
Côn Đảo,131.02187533944993,121.86956521739131,400.0,19.672131147540984,57.33867650494669,180,100.0
Hòn Gầm Ghì,0.012919896640826874,0.0,2.3255813953488373,0.0,0.17333860290696046,1,0.5555555555555556
Hòn Mây Rút,0.16506528701650652,0.0,25.0,0.0,1.8778475589994452,3,1.6666666666666667
Hòn Một,28.357438181976946,25.0,125.0,5.263157894736842,16.693867995434637,180,100.0
Hòn Móng Tay,0.9375661812385169,0.0,10.0,0.0,1.7047550353650507,52,28.888888888888886
Hòn Thơm,5.505160774191841,4.083333333333333,24.65753424657534,0.0,6.128189598738194,105,58.333333333333336
Hồ Tà Pạ,1.3728006176232013,0.0,14.285714285714285,0.0,1.92930540055941,88,48.888888888888886
Rừng tràm Trà Sư Huyện Tịnh Biên,0.0,0.0,0.0,0.0,0.0,0,0.0
Cánh đồng Tà Pạ,0.0,0.0,0.0,0.0,0.0,0,0.0
Cồn Phụng,6.189274852172668,5.714285714285714,66.66666666666666,0.0,5.90575807126327,158,87.77777777777777
Tràm Chim,11.768170010162999,9.929577464788732,50.0,0.0,7.4197569212257255,177,98.33333333333333
Đồng sen Tháp Mười,1.989602396615438,1.5384615384615385,11.11111111111111,0.0,2.4921455632337843,105,58.333333333333336
Bãi biển Hồ Cốc,0.0,0.0,0.0,0.0,0.0,0,0.0
Làng hoa Sa Đéc,3.9404954146354525,0.0,85.71428571428571,0.0,9.562730436425337,63,35.0
Thung Nai,26.556816032797794,8.012820512820513,200.0,0.0,36.00345014592113,162,90.0
Thác Voi,4.85301909169076,3.8461538461538463,50.0,0.0,6.05473575014623,122,67.77777777777779
Vàm Sát,0.0,0.0,0.0,0.0,0.0,0,0.0
Thung lũng Mai Châu,0.0,0.0,0.0,0.0,0.0,0,0.0
Nam Cát Tiên,20.4445901102324,17.647058823529413,75.0,0.0,11.903661543743564,179,99.44444444444444
"Nhà trưng bày hiện vật, cổ vật văn hoá Thái",0.0,0.0,0.0,0.0,0.0,0,0.0
Lũng Vân,0.7865351239172177,0.0,5.0,0.0,1.0154196423760928,76,42.22222222222222
Thác Đambri,0.16966437086232844,0.0,15.789473684210526,0.0,1.3910315417856747,4,2.2222222222222223
Đèo Long Lanh,0.0,0.0,0.0,0.0,0.0,0,0.0
Động Thiên Long,5.108919119510579,3.7749287749287745,66.66666666666666,0.0,6.400965517047752,154,85.55555555555556
Cánh đồng Cẩm Tú Cầu,0.4604773930433762,0.0,4.3478260869565215,0.0,1.0593342456506056,31,17.22222222222222
Nhà máy in tiền,2.2621789830863173,1.6807909604519775,11.11111111111111,0.0,2.540068606526187,124,68.88888888888889
Động Hoa Tiên,3.4163201066624183,2.7027027027027026,16.666666666666664,0.0,3.75014089794333,117,65.0
Động Đá Bạc Hoà Bình,0.0,0.0,0.0,0.0,0.0,0,0.0
Ba Khan,33.59917479657892,10.344827586206897,333.33333333333337,1.2987012987012987,50.83879514949381,180,100.0
Bảo tàng không gian văn hóa Mường,0.10141093474426807,0.0,11.11111111111111,0.0,0.9820342764538004,2,1.1111111111111112
Thiền viện Trúc Lâm Hậu Giang,0.01633986928104575,0.0,2.941176470588235,0.0,0.2192223507352735,1,0.5555555555555556
Đèo Đá Trắng,0.6455216194540072,0.0,6.666666666666667,0.0,1.076952268329452,60,33.33333333333333
Khu căn cứ Tỉnh ủy,0.22485736057079567,0.0,25.0,0.0,1.9047850786180738,9,5.0
Làng trầu Vị Thủy,0.0,0.0,0.0,0.0,0.0,0,0.0
Rừng Tràm Vị Thủy - Khu du lịch sinh thái Việt Úc,0.0,0.0,0.0,0.0,0.0,0,0.0
Tầm Vu,6.0767684038998295,4.838709677419355,50.0,0.0,5.358764218628772,165,91.66666666666666
Chiến thắng Chương Thiện,0.009746588693957114,0.0,1.7543859649122806,0.0,0.13076420921051407,1,0.5555555555555556
Chùa Aranhứt,0.0,0.0,0.0,0.0,0.0,0,0.0
Lung Ngọc Hoàng,0.1561841836327577,0.0,3.225806451612903,0.0,0.5863310589084161,13,7.222222222222221
Đền thờ Bác Hồ,0.7961442442102107,0.0,11.11111111111111,0.0,1.7928281416452423,49,27.22222222222222
Biển Hồ chè,0.21542672019392028,0.0,4.0,0.0,0.5903010511012885,24,13.333333333333334
Hải đăng Kê Gà,1.6526449880866254,0.0,16.666666666666664,0.0,2.6394345602850557,87,48.333333333333336
Hồ T’Nưng,0.0,0.0,0.0,0.0,0.0,0,0.0
Núi lửa Chư Đăng Ya,0.3370743814763881,0.0,11.11111111111111,0.0,1.088633507270754,26,14.444444444444443
Hồ Tà Đùng,0.8077050342860951,0.0,5.88235294117647,0.0,1.491362159521515,43,23.88888888888889
Linh Sơn Viên Giác Tự,0.0,0.0,0.0,0.0,0.0,0,0.0
Núi Ngọc Linh,0.8875891210451209,0.0,14.285714285714285,0.0,2.1447536372505813,36,20.0
Thác Dray Sáp,0.0,0.0,0.0,0.0,0.0,0,0.0
Cung đường Tà Năng,0.023148148148148143,0.0,4.166666666666666,0.0,0.3105649968749706,1,0.5555555555555556
Hồ Tuyền Lâm,9.081361898384236,8.452380952380953,33.33333333333333,0.0,6.492405388701449,154,85.55555555555556
Thác Pongour,3.2844528659203474,1.9803921568627452,33.33333333333333,0.0,3.8595443865420482,138,76.66666666666667
núi Voi,7.966654622794815,7.142857142857142,33.33333333333333,0.0,5.260382144341218,166,92.22222222222223
Bãi biển Kỳ Co,0.02740106536482723,0.0,1.7543859649122806,0.0,0.21136740657397296,3,1.6666666666666667
Chùa Cao Linh,6.09637468591638,1.9230769230769231,300.0,0.0,23.275310511205767,130,72.22222222222221
Cù Lao Câu,3.9224484199302614,3.6375661375661372,11.11111111111111,0.0,2.957705714595593,143,79.44444444444444
Núi Lang Bian,0.007032348804500704,0.0,1.2658227848101267,0.0,0.09434885981011773,1,0.5555555555555556
Cù lao Chàm,33.4584558145916,29.285714285714285,100.0,1.3333333333333335,25.45746640010724,180,100.0
Phá Tam Giang,8.86405974880122,6.451612903225806,50.0,0.0,7.750184268685123,178,98.88888888888889
Sông Hương,108.78844680497309,90.25932953826691,433.3333333333333,22.807017543859647,67.82937614928109,180,100.0
Động Thiên Đường,16.030133301164103,13.383084577114428,60.0,0.0,9.186170679542474,178,98.88888888888889
Biển Cổ Thạch,0.9617854445928856,0.0,12.5,0.0,2.41652463195234,28,15.555555555555555
Hang Sơn Đoòng,12.36683425281051,6.350806451612903,454.54545454545456,0.0,37.57910954160298,118,65.55555555555556
Hang Én,1.9494057594547791,0.0,64.28571428571429,0.0,9.013241812573908,15,8.333333333333332
Đồi cát Nam Cương,0.0,0.0,0.0,0.0,0.0,0,0.0
Cát Bà,128.39487947115032,87.08333333333334,625.0,15.555555555555555,106.70918534812053,180,100.0
Hang Rái,2.732421202198036,2.150786308973173,25.0,0.0,3.5970288761591624,95,52.77777777777778
Vịnh Lan Hạ,3.750050135314747,3.0303030303030303,20.588235294117645,0.0,4.526192530012805,101,56.111111111111114
Vịnh Vĩnh Hy,7.490281092168828,5.88235294117647,33.33333333333333,0.0,6.569931954034158,144,80.0
Làng Chài Việt Hải,0.0,0.0,0.0,0.0,0.0,0,0.0
Quán Hoa,78.7284732311768,61.76470588235294,333.33333333333337,11.428571428571429,52.63254824385822,180,100.0
Quần đảo Cát Bà,0.33967890234517706,0.0,22.22222222222222,0.0,1.755894218310737,22,12.222222222222221
Đền Bà Đế,1.058201091876306,0.0,25.0,0.0,3.1387451496202674,36,20.0
Bãi biển Cửa Lò,1.2921570990968074,0.0,12.307692307692308,0.0,2.1857765998599605,69,38.333333333333336
Khu tưởng niệm Vương triều Mạc,0.042735042735042736,0.0,7.6923076923076925,0.0,0.5733507634614844,1,0.5555555555555556
Pù Luông,7.702554647959499,8.248299319727892,30.0,0.0,6.940313013801741,120,66.66666666666666
Tràng An,96.46058145685191,83.33333333333334,325.0,16.666666666666664,56.76018018213852,180,100.0
Bản Lác - Mai Châu,2.7753097424857,2.083333333333333,14.285714285714285,0.0,2.818808326330618,128,71.11111111111111
Tam Cốc - Bích Động,3.8702229745103427,2.941176470588235,33.33333333333333,0.0,4.062910890789049,141,78.33333333333333
Đảo Bình Ba,25.880016932470436,13.13632441760138,145.45454545454547,0.0,28.25622377499871,165,91.66666666666666
Đảo Điệp Sơn,3.9850630484505536,1.5151515151515151,40.0,0.0,6.725273946152084,104,57.77777777777777
Biển Đại Lãnh,3.76499216873907,2.484567901234568,27.27272727272727,0.0,4.960615810534586,113,62.77777777777778
Hòn Yến,1.5119469633680362,1.3793759512937593,9.090909090909092,0.0,1.737390825421225,100,55.55555555555556
Thác Yang Bay,0.389085112045929,0.0,6.666666666666667,0.0,1.0883442017803981,25,13.88888888888889
Đảo Bình Hưng,7.423763766096906,6.25,34.61538461538461,0.0,6.812811299144545,140,77.77777777777779
Chùa Tháp Tường Long,0.06944444444444445,0.0,12.5,0.0,0.9316949906249125,1,0.5555555555555556
Cù Lao Xanh,5.650708451348312,4.6875,50.0,0.0,6.446118764270791,149,82.77777777777777
Hòn Nưa,0.5019575666755733,0.0,11.11111111111111,0.0,1.4525222244338603,36,20.0
Thác K50,0.6695932490319133,0.0,4.0,0.0,1.0229257412158257,59,32.77777777777778
Bãi Xép,1.016459594451336,0.0,8.333333333333332,0.0,1.5246047066349164,68,37.77777777777778
Chùa Phổ Chiếu,0.015873015873015872,0.0,2.857142857142857,0.0,0.2129588549999799,1,0.5555555555555556
Chùa Đỏ,4.8917985791195155,3.571428571428571,111.11111111111111,0.0,9.049072428372796,144,80.0
Ghềnh Đá Đĩa,3.775986026204751,3.125,33.33333333333333,0.0,4.395844521657732,134,74.44444444444444
Bãi biển Hoàng Hậu,0.016188063063063064,0.0,1.5625,0.0,0.1535499321071008,2,1.1111111111111112
Bến nghiêng - Bến tàu không số,0.0,0.0,0.0,0.0,0.0,0,0.0
Hồ Ba Bể,26.85666046104333,21.595124536301007,94.73684210526315,5.263157894736842,17.365578791283472,180,100.0
Đèo Mã Pì Lèng,0.12183235867446393,0.0,16.666666666666664,0.0,1.300637674612163,2,1.1111111111111112
Núi đôi Quản Bạ,0.34791395490880617,0.0,11.11111111111111,0.0,1.1821303051917749,23,12.777777777777777
Vườn thú Hà Nội,2.6708065827346443,2.127659574468085,12.5,0.0,2.657659686693527,126,70.0
làng nghề sinh vật cảnh Hồng Vân,0.0,0.0,0.0,0.0,0.0,0,0.0
Đền Đại Cại - núi Hắc Y,0.06172839506172839,0.0,11.11111111111111,0.0,0.8281733249999221,1,0.5555555555555556
Làng gốm Bát Tràng,7.985689892107559,6.666666666666667,50.0,0.0,7.233983350617939,168,93.33333333333333
làng nghề khảm trai - sơn mài Chuyên Mỹ,0.0,0.0,0.0,0.0,0.0,0,0.0
làng nghề may Vân Từ,0.0,0.0,0.0,0.0,0.0,0,0.0
nhà tù Hỏa Lò,4.71675691732621,3.8461538461538463,14.545454545454545,0.0,3.6862740370784,146,81.11111111111111
Bảo tàng Lịch sử Quân sự,4.339639566647038,0.0,159.25925925925927,0.0,15.542986631824217,62,34.44444444444444
Bảo tàng Lịch sử quốc gia,2.72810686296576,1.5504807692307692,37.5,0.0,4.196610642002497,99,55.00000000000001
Công viên Thiên đường Bảo Sơn Thành phố Hà Nội,0.0,0.0,0.0,0.0,0.0,0,0.0
Làng cổ Đường Lâm,15.648233175189997,8.88888888888889,100.0,0.0,17.385136448634626,179,99.44444444444444
Cầu Ngói Thanh Toàn,0.8021338963728754,0.0,11.11111111111111,0.0,1.902903293658584,43,23.88888888888889
Huyền Trân Thành phố Huế,0.0,0.0,0.0,0.0,0.0,0,0.0
Trạng Trình Nguyễn Bỉnh Khiêm,6.424514712115489,4.0,75.0,0.0,8.147424463209333,163,90.55555555555556
nước khoáng nóng Tiên Lãng,0.0,0.0,0.0,0.0,0.0,0,0.0
Hoa giấy Thanh Tiên – Tranh dân gian Làng Sình,0.3703703703703703,0.0,66.66666666666666,0.0,4.96903994999953,1,0.5555555555555556
Làng Cổ Phước Tích,0.3417609715905268,0.0,28.57142857142857,0.0,2.34088384603242,12,6.666666666666667
Nhà vườn Lương Quán – Nguyệt Biều,0.040123456790123455,0.0,5.0,0.0,0.40698160695592384,2,1.1111111111111112
sinh thái Đầm Chuồn,0.0,0.0,0.0,0.0,0.0,0,0.0
Bảo tàng Lịch sử thành phố Hồ Chí Minh,0.7055008434827269,0.0,8.333333333333332,0.0,1.3891745184904956,49,27.22222222222222
Hồ Truồi,0.0,0.0,0.0,0.0,0.0,0,0.0
Thác Nhị Hồ,0.0,0.0,0.0,0.0,0.0,0,0.0
sinh thái YesHue Eco,0.0,0.0,0.0,0.0,0.0,0,0.0
Chợ Bến Thành,35.82496853235132,31.25,150.0,4.651162790697675,24.203108103429066,180,100.0
Nhà trưng bày Hoàng Sa,0.0,0.0,0.0,0.0,0.0,0,0.0
Thắng cảnh Hương Sơn,0.015432098765432098,0.0,2.7777777777777777,0.0,0.20704333124998053,1,0.5555555555555556
Thắng cảnh Tràng Kênh,0.0,0.0,0.0,0.0,0.0,0,0.0
Cảng cá - Chợ cá Thuận Phước,0.0,0.0,0.0,0.0,0.0,0,0.0
Khu Bảo tồn sinh quyển thế giới Cát Bà,0.0,0.0,0.0,0.0,0.0,0,0.0
Làng cổ Tuý Loan,0.0,0.0,0.0,0.0,0.0,0,0.0
Đền Nghè,0.8074553797137527,0.0,16.666666666666664,0.0,2.3232452796698566,34,18.88888888888889
Biệt thự Bảo Đại,0.18184547194091835,0.0,8.333333333333332,0.0,0.9765817096915101,9,5.0
Nghĩa trang Khuê Trung,0.0,0.0,0.0,0.0,0.0,0,0.0
Thành phố Hải Phòng,63.47674811016563,47.82608695652174,266.66666666666663,23.076923076923077,40.671220456549435,180,100.0
Đình Nại Nam,0.13643193801276715,0.0,5.263157894736842,0.0,0.5658445537664158,13,7.222222222222221
Cung Thể thao Tiên Sơn,0.1625069404120548,0.0,4.0,0.0,0.6003272395852284,14,7.777777777777778
Mộ Ông Ích Khiêm,0.04629629629629629,0.0,8.333333333333332,0.0,0.621129993749941,1,0.5555555555555556
Nhà thờ phái chư tộc Quá Giáng,0.0,0.0,0.0,0.0,0.0,0,0.0
Thành Điện Hải,15.013016449576119,12.286832541235672,66.66666666666666,6.0606060606060606,9.310273757655088,180,100.0
Bãi biển Nam Ô,0.07652428947007904,0.0,1.7241379310344827,0.0,0.32052330056925893,10,5.555555555555555
Làng đá mỹ nghệ Non Nước,0.11766999014369721,0.0,6.666666666666667,0.0,0.6078637207131694,10,5.555555555555555
Đình Bồ Bản,0.024154589371980676,0.0,4.3478260869565215,0.0,0.32406782282605645,1,0.5555555555555556
Đình Tuý Loan,0.05050505050505051,0.0,9.090909090909092,0.0,0.6775963568181184,1,0.5555555555555556
Bà Nà - Núi Chúa,0.0,0.0,0.0,0.0,0.0,0,0.0
Bảo tàng điêu khắc Chămpa,0.0,0.0,0.0,0.0,0.0,0,0.0
Ngũ Hành Sơn,46.91615965587869,44.44444444444444,200.0,12.5,21.706971505204205,180,100.0
Đình Hàng Kênh,0.0,0.0,0.0,0.0,0.0,0,0.0
Bãi biển Ðồ Sơn,0.0,0.0,0.0,0.0,0.0,0,0.0
Chùa Tam Thai,0.06373256373256374,0.0,9.090909090909092,0.0,0.699490761285481,2,1.1111111111111112
Sơn Trà,93.05244532842802,88.56209150326796,233.33333333333334,32.05128205128205,31.43443484317353,180,100.0
Đèo Hải Vân,21.743791748392894,18.181818181818183,214.28571428571428,0.0,18.025136816955733,178,98.88888888888889
Bảo tàng Hồ Chí Minh Thành phố Hà Nội,0.0,0.0,0.0,0.0,0.0,0,0.0
Bảo tàng Hồ Chí Minh Thành phố Đà Nẵng,0.0,0.0,0.0,0.0,0.0,0,0.0
Bến Ninh Kiều,13.074205758088295,12.158167036215817,58.333333333333336,0.0,8.897515121072876,169,93.88888888888889
Lễ hội Cá Ông,0.11278192223314175,0.0,3.3333333333333335,0.0,0.5653040735228305,7,3.888888888888889
Chùa Nam Nhã,0.054426112718395155,0.0,2.380952380952381,0.0,0.32795633260797213,5,2.7777777777777777
Du lịch vườn Cần Thơ,0.6917190198937482,0.0,16.666666666666664,0.0,1.7160582660574315,43,23.88888888888889
Thiền viện Trúc Lâm Phương Nam,1.9046573071902628,0.0,20.0,0.0,3.0432204480266263,87,48.333333333333336
Đình Bình Thủy,2.400919360445079,1.9230769230769231,12.5,0.0,2.581176235833258,123,68.33333333333333
Chùa Ông Quảng Nam,0.0,0.0,0.0,0.0,0.0,0,0.0
Chùa Ông Thành phố Cần Thơ,0.05050505050505051,0.0,9.090909090909092,0.0,0.6775963568181184,1,0.5555555555555556
Chợ nổi Cái Răng,9.393980937282883,9.090909090909092,33.33333333333333,0.0,4.945444181100468,168,93.33333333333333
Nhà cổ Bình Thủy,2.1322523965389286,1.8362533692722371,12.5,0.0,2.327782568635801,117,65.0
Bảo tàng Mỹ thuật Tp. Hồ Chí Minh,0.0,0.0,0.0,0.0,0.0,0,0.0
Bảo tàng Phụ nữ Nam Bộ,0.9646448734258052,0.0,12.5,0.0,2.3756724990277873,40,22.22222222222222
Bảo tàng chứng tích chiến tranh,15.383645307589651,8.248299319727892,116.66666666666667,0.0,18.42820330524353,175,97.22222222222221
Đền Ngọc Sơn,10.606765412441542,6.316489361702128,125.0,0.0,13.845479300717397,171,95.0
Bãi biển Sầm Sơn,2.9883380130708166,1.9049346879535558,20.833333333333336,0.0,3.6999006178714837,113,62.77777777777778
Chùa Quán Sứ,6.453256120445387,2.9857397504456324,75.0,0.0,10.873226932446348,161,89.44444444444444
Hội quán Quảng Đông,0.049869818627365364,0.0,2.127659574468085,0.0,0.3000432035921489,5,2.7777777777777777
Lăng Đồng Khánh,0.1248421717171717,0.0,16.666666666666664,0.0,1.2583506703662253,5,2.7777777777777777
Bãi biển Cửa Tùng,0.04829501534927891,0.0,4.444444444444445,0.0,0.39859954958846716,3,1.6666666666666667
Hồ Đa Nhim - Đèo Ngoạn Mục,0.0,0.0,0.0,0.0,0.0,0,0.0
Suối nước khoáng Mỹ An,0.1388888888888889,0.0,25.0,0.0,1.863389981249825,1,0.5555555555555556
lăng Mạc Cửu,0.10896432727418642,0.0,10.0,0.0,0.9051616766744736,4,2.2222222222222223
Bạch Mã,75.48967567559627,57.14285714285714,625.0,21.052631578947366,74.1195352093393,180,100.0
Cầu Trường Tiền,8.644841421995144,5.0,100.0,0.0,13.576996244977234,91,50.55555555555556
Lăng Dục Ðức,0.0,0.0,0.0,0.0,0.0,0,0.0
Lăng Gia Long,0.13937676960122783,0.0,7.6923076923076925,0.0,0.9366538138108547,4,2.2222222222222223
Chùa Thiên Mụ,11.959560768728958,10.0,75.0,0.0,8.8402389902527,175,97.22222222222221
Làng Dương Nỗ,0.05555555555555555,0.0,10.0,0.0,0.7453559924999299,1,0.5555555555555556
Làng cổ Phước Tích,0.36830690174199143,0.0,26.666666666666668,0.0,2.238903902160642,14,7.777777777777778
Núi Ngự Bình,0.2651903322899749,0.0,4.761904761904762,0.0,0.6904287309773454,27,15.0
Chợ Đông Ba,3.978167150421641,3.871128871128871,16.666666666666664,0.0,2.7735584820222043,150,83.33333333333334
Cửu vị thần công,0.0812359230080749,0.0,10.0,0.0,0.7698475754894911,4,2.2222222222222223
Lăng Minh Mạng,3.5591049794496232,3.225806451612903,16.666666666666664,0.0,2.954554397944587,147,81.66666666666667
Ngọ Môn,4.070311067856638,2.899159663865546,50.0,0.0,5.238827244654648,150,83.33333333333334
Bãi biển Lăng Cô,0.3683934538808363,0.0,7.142857142857142,0.0,1.1542976856589582,25,13.88888888888889
Bãi biển Thuận An,0.13005550281122574,0.0,4.166666666666666,0.0,0.5014497284863721,14,7.777777777777778
Lăng Khải Định,5.751079446292303,5.454545454545454,25.0,0.0,3.735196176596437,164,91.11111111111111
Lăng Tự Ðức,0.2777777777777778,0.0,50.0,0.0,3.7267799624996503,1,0.5555555555555556
Bảo tàng Mỹ thuật Cung đình Huế,0.0,0.0,0.0,0.0,0.0,0,0.0
Hiển Lâm Các,0.0,0.0,0.0,0.0,0.0,0,0.0
Kinh thành Huế,16.322037640884094,13.793103448275861,66.66666666666666,0.0,9.402512562890436,178,98.88888888888889
Kỳ Ðài Huế,0.0,0.0,0.0,0.0,0.0,0,0.0
Cung An Định,3.434772956997314,0.0,20.833333333333336,0.0,5.005875374879482,73,40.55555555555556
Nhà vườn An Hiển,0.0,0.0,0.0,0.0,0.0,0,0.0
Thế Miếu,1.9905778479692402,0.0,33.33333333333333,0.0,4.24703285739899,54,30.0
Văn Miếu Huế,0.025252525252525256,0.0,4.545454545454546,0.0,0.3387981784090591,1,0.5555555555555556
Bãi biển Cảnh Dương,0.0398003060040097,0.0,3.8461538461538463,0.0,0.33735914506930076,3,1.6666666666666667
Làng nón Phú Cam,0.0,0.0,0.0,0.0,0.0,0,0.0
Thái Bình Lâu,1.7529125275540802,1.515499425947187,11.627906976744185,0.0,1.9478946431987263,97,53.888888888888886
Ðàn Nam Giao,0.0,0.0,0.0,0.0,0.0,0,0.0
Ba Vì,175.04889877127056,159.41176470588235,500.0,63.1578947368421,68.89610016196542,180,100.0
Nhà thờ dòng chúa Cứu Thế,0.0,0.0,0.0,0.0,0.0,0,0.0
Việt phủ Thành Chương,5.1063311823199875,0.0,175.0,0.0,16.050113611742656,69,38.333333333333336
suối nước khoáng nóng Thanh Tân,0.0,0.0,0.0,0.0,0.0,0,0.0
Bảo tàng Phụ nữ Việt Nam,1.6050398947817845,0.0,27.27272727272727,0.0,3.9257003765713665,52,28.888888888888886
Làng lụa Vạn Phúc,3.3532634461034325,2.083333333333333,33.33333333333333,0.0,4.63668056974556,130,72.22222222222221
Làng mây tre đan Phú Vinh,0.0,0.0,0.0,0.0,0.0,0,0.0
Thành cổ Sơn Tây,3.6509969049105986,3.053613053613054,20.0,0.0,3.532159598674682,142,78.88888888888889
Bảo tàng Mỹ thuật Việt Nam,1.617305976420776,0.5319148936170213,12.5,0.0,2.1777253913787815,90,50.0
Chùa Trấn Quốc,8.660200674833122,5.714285714285714,75.0,0.0,10.328168939229856,168,93.33333333333333
Cầu Long Biên,26.961114591240666,20.0,181.8181818181818,5.128205128205128,22.232714554705293,180,100.0
Làng Văn hóa - Du lịch các dân tộc Việt Nam,0.2453651050278368,0.0,12.5,0.0,1.2687524371614565,11,6.111111111111111
Bảo tàng Dân tộc học Việt Nam,2.9559845426740807,1.5384615384615385,33.33333333333333,0.0,4.642349278634502,107,59.44444444444444
Chùa Một Cột,25.057967677301992,18.808962264150942,150.0,3.389830508474576,21.54927013237285,180,100.0
Chùa Trăm Gian,3.6222285004524895,0.0,77.77777777777779,0.0,10.31382577014307,76,42.22222222222222
Nhà hát lớn Hà Nội,11.485141575216504,6.316489361702128,100.0,0.0,13.660481505179341,178,98.88888888888889
Chùa Trầm,2.4661805001345494,0.0,28.57142857142857,0.0,5.05705497042557,58,32.22222222222222
Hồ Trúc Bạch,4.6030881640346655,2.7027027027027026,50.0,0.0,7.257447078733341,106,58.88888888888889
Làng đúc đồng Ngũ Xã,0.0,0.0,0.0,0.0,0.0,0,0.0
Thành phố Hà Nội,286.5608003864921,163.39285714285714,1733.3333333333333,68.18181818181817,297.25533694849673,180,100.0
Hội nghị Quốc gia,31.92527157183307,25.0,100.0,5.128205128205128,20.134466105716015,180,100.0
Khu phố cổ Hà Nội,2.8809400116817736,2.2222222222222223,11.11111111111111,0.0,2.62892042674057,142,78.88888888888889
Làng rối nước Đào Thục,0.0,0.0,0.0,0.0,0.0,0,0.0
Đình Tây Đằng,0.18073009047356076,0.0,14.285714285714285,0.0,1.1379698610874087,11,6.111111111111111
Chùa Vạn Niên,1.227100286977686,0.0,12.5,0.0,2.309831825325349,66,36.666666666666664
Công viên Thống Nhất,19.313609988650693,15.894736842105264,66.66666666666666,0.0,12.449614939048333,179,99.44444444444444
Làng nghề mỹ nghệ Sơn Đồng,0.0,0.0,0.0,0.0,0.0,0,0.0
rừng tự nhiên Bằng Tạ,0.019157088122605363,0.0,3.4482758620689653,0.0,0.2570193077585965,1,0.5555555555555556
Hậu Lâu,12.090527867407815,10.79192546583851,46.808510638297875,0.0,7.03182160878755,168,93.33333333333333
Quảng trường Ba Đình,5.851724182479975,4.210992907801418,49.09090909090909,0.0,6.825110747186853,133,73.88888888888889
Sân golf Đồng Mô,0.26418491640320974,0.0,11.11111111111111,0.0,1.2794328589917896,10,5.555555555555555
Đồng Mô,61.97591461248267,54.3560606060606,233.33333333333334,14.285714285714285,34.9264831026806,180,100.0
Chùa Giác Lâm,4.225455228643962,2.4390243902439024,33.33333333333333,0.0,5.079237893466522,135,75.0
Công viên nước Đầm Sen,10.038224863047843,6.316489361702128,100.0,0.0,11.08175277244436,165,91.66666666666666
Lễ hội chùa Hương,6.828830753250363,2.353266888150609,133.33333333333331,0.0,14.262027912162438,108,60.0
Thác Đa,9.441461084964686,6.742424242424242,50.0,0.0,8.06105910502037,169,93.88888888888889
Chùa Linh Sơn Lâm Đồng,0.0,0.0,0.0,0.0,0.0,0,0.0
Chùa Linh Sơn Thành phố Hồ Chí Minh,0.0,0.0,0.0,0.0,0.0,0,0.0
Dinh Độc Lập,41.19693584947713,33.33333333333333,293.75,0.0,30.192685706201743,179,99.44444444444444
Nhà hát thành phố Hồ Chí Minh,0.0326797385620915,0.0,5.88235294117647,0.0,0.438444701470547,1,0.5555555555555556
Chùa Vĩnh Nghiêm Bắc Ninh,0.0,0.0,0.0,0.0,0.0,0,0.0
Chùa Vĩnh Nghiêm Thành phố Hồ Chí Minh,0.0,0.0,0.0,0.0,0.0,0,0.0
Làng du lịch Bình Quới,0.06944444444444445,0.0,12.5,0.0,0.9316949906249125,1,0.5555555555555556
Ðịa đạo Củ Chi,0.0,0.0,0.0,0.0,0.0,0,0.0
Chùa Xá Lợi,4.627870357638532,2.857142857142857,96.92307692307692,0.0,8.838383014321497,145,80.55555555555556
Nhà thờ Chợ Quán,0.7099493180561159,0.0,12.5,0.0,1.7491110194101003,45,25.0
Suối Tiên Bà Rịa - Vũng Tàu,0.0,0.0,0.0,0.0,0.0,0,0.0
Suối Tiên Thành phố Hồ Chí Minh,0.05632127190316008,0.0,2.380952380952381,0.0,0.3158102028201575,6,3.3333333333333335
Bát Bửu Phật Đài,0.0,0.0,0.0,0.0,0.0,0,0.0
Một Thoáng Việt Nam,1.435105888691732,0.0,18.181818181818183,0.0,3.439947231749394,44,24.444444444444443
Nhà thờ Thánh Phanxicô Xaviê,0.0,0.0,0.0,0.0,0.0,0,0.0
Đền thờ Trần Hưng Đạo,0.5940332074107245,0.0,33.33333333333333,0.0,2.6364511146024876,37,20.555555555555554
Chợ Bình Tây,10.15509353339173,8.633540372670808,33.33333333333333,0.0,6.428776941021679,172,95.55555555555556
Núi Mẫu Sơn,0.6415328428982066,0.0,5.263157894736842,0.0,1.22011732994661,42,23.333333333333332
Phố đi bộ Nguyễn Huệ,14.177592432849057,10.256410256410255,158.33333333333331,0.0,17.942998059851803,129,71.66666666666667
Thảo Cầm Viên,26.918390714949208,23.809523809523807,100.0,2.0,14.644286619760583,180,100.0
Chợ phiên Bắc Hà,1.0435908195552275,0.0,33.33333333333333,0.0,2.8325615085636953,70,38.88888888888889
Hoàng Liên,70.52437756332031,54.583333333333336,325.0,22.666666666666664,47.19021637408928,180,100.0
Thành cổ Nghị Lang,0.019157088122605363,0.0,3.4482758620689653,0.0,0.2570193077585965,1,0.5555555555555556
Động Tam Thanh,2.780262878992749,1.8181818181818181,50.0,0.0,4.697636915217749,117,65.0
Bản Dền,0.10446254525201894,0.0,10.0,0.0,0.858748083338499,4,2.2222222222222223
Dinh Hoàng A Tưởng,0.11728395061728394,0.0,11.11111111111111,0.0,1.1110938684088685,2,1.1111111111111112
Làng Cát Cát ở Sa Pa,0.0,0.0,0.0,0.0,0.0,0,0.0
Thung lũng hoa Bắc Hà,0.6252769024573205,0.0,6.896551724137931,0.0,1.4785350560648587,34,18.88888888888889
Chợ Cao Sơn,0.5756310281706469,0.0,3.7037037037037033,0.0,0.8950410582372723,57,31.666666666666664
Hồ Suối Vàng,0.6092804743361337,0.0,7.142857142857142,0.0,1.306908974254901,38,21.11111111111111
Nhà thờ Đà Lạt,7.664291653685864,7.6923076923076925,26.666666666666668,0.0,4.62820939295241,164,91.11111111111111
Động Hàm Rồng,0.017110216115191236,0.0,1.5873015873015872,0.0,0.1619451809423029,2,1.1111111111111112
Chợ Đà Lạt,23.760704831106974,21.428571428571427,66.66666666666666,0.0,12.430811379812708,178,98.88888888888889
Hồ Than Thở,3.434925038030237,2.3863636363636367,16.666666666666664,0.0,3.1149552855709937,150,83.33333333333334
Thành phố Đà Lạt,36.03235873081078,33.33333333333333,125.0,9.333333333333334,16.110062249529392,180,100.0
Thác Đatanla,0.06172839506172839,0.0,11.11111111111111,0.0,0.8281733249999221,1,0.5555555555555556
Chùa Linh Phong,1.730208726198362,0.0,50.0,0.0,4.35170896973823,84,46.666666666666664
Núi Voi,8.322973028356891,7.142857142857142,33.33333333333333,0.0,5.286933670470645,169,93.88888888888889
Thung lũng Tình yêu,8.915790702451783,8.333333333333332,26.08695652173913,0.0,5.467644023868531,170,94.44444444444444
Vườn hoa Đà Lạt,9.19659676039505,8.032258064516128,28.57142857142857,0.0,6.941761523781455,162,90.0
Bình Tả,27.724750150642993,25.0,90.38461538461539,0.0,15.571070432187387,175,97.22222222222221
Chùa Tôn Thạnh,0.0661882835561594,0.0,3.3333333333333335,0.0,0.3775349207440095,6,3.3333333333333335
Khu bảo tồn đất ngập nước Láng Sen,0.0,0.0,0.0,0.0,0.0,0,0.0
Thác Liêng Rơwoa,0.0,0.0,0.0,0.0,0.0,0,0.0
Chùa Phổ Minh,1.7143266397526475,0.0,16.666666666666664,0.0,3.5071162960397233,60,33.33333333333333
Chợ rừng Dào San,0.0,0.0,0.0,0.0,0.0,0,0.0
Sìn Hồ,4.4048842547168094,4.706533776301218,50.0,0.0,4.900194953399703,125,69.44444444444444
Xuân Thủy,81.05113138496972,54.226190476190474,450.0,12.5,70.46537995672885,180,100.0
Chùa Cổ Lễ,1.7245895601458816,0.0,16.666666666666664,0.0,2.6619268661949738,89,49.44444444444444
Chư Mom Ray,0.007215007215007215,0.0,1.2987012987012987,0.0,0.09679947954544545,1,0.5555555555555556
Ngục Kon Tum,0.183953783945675,0.0,9.090909090909092,0.0,0.9811931092079815,8,4.444444444444445
Nhà thờ gỗ Kon Tum,0.5018718244370908,0.0,10.0,0.0,1.2521707160064268,37,20.555555555555554
Pù Mát,1.1767287867570948,0.0,25.0,0.0,2.486187443021833,55,30.555555555555557
lịch sử Truông Bồn,0.06944444444444445,0.0,12.5,0.0,0.9316949906249127,1,0.5555555555555556
núi Quyết,12.6289529577717,10.0,100.0,0.0,12.067792088879003,174,96.66666666666667
Đền Cuông,3.0833014433540393,0.7692307692307693,33.33333333333333,0.0,5.222107673409382,90,50.0
Buôn Jun,0.09259259259259257,0.0,16.666666666666664,0.0,1.2422599874998825,1,0.5555555555555556
Chợ vùng biên Nậm Cắn,0.0,0.0,0.0,0.0,0.0,0,0.0
Hang Thẩm Ồm,0.042735042735042736,0.0,7.6923076923076925,0.0,0.5733507634614844,1,0.5555555555555556
Đền Quả Sơn,0.6684850489638284,0.0,14.285714285714285,0.0,1.899647033752164,36,20.0
Nhà tù Phú Quốc,4.614884373955973,4.081632653061225,16.666666666666664,0.0,3.343922754152809,154,85.55555555555556
Thắng cảnh Hà Tiên,0.17163906341559707,0.0,6.666666666666667,0.0,0.6833919786610901,16,8.88888888888889
Thắng cảnh Thạch Động,0.03703703703703704,0.0,6.666666666666667,0.0,0.4969039949999533,1,0.5555555555555556
biển Bãi Lữ,0.1583185707743193,0.0,5.0,0.0,0.6793337124316035,11,6.111111111111111
Công viên Vinpearl Safari Phú Quốc,0.0,0.0,0.0,0.0,0.0,0,0.0
Cúc Phương,42.54029535279535,37.5,100.0,0.0,24.685647636041647,176,97.77777777777777
Phú Quốc,643.3944836028169,664.5833333333334,1300.0,0.0,218.5444822716456,178,98.88888888888889
U Minh Thượng,2.138055617222284,0.0,20.0,0.0,4.453407038138159,36,20.0
Nhà thờ Phát Diệm,4.554974245064107,3.125,50.0,0.0,5.124615466155698,159,88.33333333333333
Suối nước nóng Kênh Gà,0.027777777777777776,0.0,5.0,0.0,0.37267799624996495,1,0.5555555555555556
vườn chim Thung Nham,0.3826677194438244,0.0,16.666666666666664,0.0,1.5325056712859886,22,12.222222222222221
đất ngập nước Vân Long,0.0,0.0,0.0,0.0,0.0,0,0.0
Tháp Bà Ponagar,7.653859351527755,6.0606060606060606,50.0,0.0,6.398433619275169,163,90.55555555555556
Vịnh Nha Trang,8.39222604852541,5.263157894736842,50.0,0.0,7.880246837421219,170,94.44444444444444
Vịnh Vân Phong,4.528684935695544,2.857142857142857,50.0,0.0,5.976816702353301,130,72.22222222222221
Động Thiên Hà,3.803738364130225,2.1749408983451537,50.0,0.0,7.001415999918327,100,55.55555555555556
Con Sẻ Tre,0.6467013657786198,0.0,9.090909090909092,0.0,1.6765181267399145,36,20.0
Du lịch Suối khoáng nóng Tháp Bà Nha Trang,0.0,0.0,0.0,0.0,0.0,0,0.0
Nhà thờ Đá Nha Trang,1.579673859127172,1.4925373134328357,11.11111111111111,0.0,1.8650239312845545,103,57.22222222222222
Viện Hải Dương Học,10.760777552030987,9.32667525773196,40.0,0.0,6.7118346110021125,176,97.77777777777777
Hòn Ngọc Việt,0.0,0.0,0.0,0.0,0.0,0,0.0
Hồ cá Trí Nguyên,0.0,0.0,0.0,0.0,0.0,0,0.0
Văn miếu Diên Khánh,0.0,0.0,0.0,0.0,0.0,0,0.0
Đền thờ Trần Quý Cáp,0.0,0.0,0.0,0.0,0.0,0,0.0
Bia Võ Cạnh,0.2777777777777778,0.0,50.0,0.0,3.72677996249965,1,0.5555555555555556
Bán đảo Đầm Môn,0.0925925925925926,0.0,10.0,0.0,0.8934936593920237,2,1.1111111111111112
Thành cổ Diên Khánh,0.15956033518978235,0.0,12.5,0.0,1.0253387107731693,9,5.0
Vĩnh Hy,25.8668734789937,23.30316742081448,93.10344827586206,0.0,15.791602231067703,177,98.33333333333333
Làng du lịch Cà Ná,0.007936507936507936,0.0,1.4285714285714286,0.0,0.10647942749998998,1,0.5555555555555556
Phố Hiến,17.2882530921097,13.899821109123435,81.57894736842105,0.0,12.353382644680515,179,99.44444444444444
Tháp Hòa Lai,0.5921626530157212,0.0,2.857142857142857,0.0,0.8610652371700658,61,33.88888888888889
Tháp Pôrômê,0.0,0.0,0.0,0.0,0.0,0,0.0
Chùa Hiến,0.5282503401291906,0.0,10.0,0.0,1.305927137159292,43,23.88888888888889
Chùa Nễ Châu,0.0,0.0,0.0,0.0,0.0,0,0.0
Đền Chử Đồng Tử,0.37946452434645817,0.0,11.11111111111111,0.0,1.4749754126489028,19,10.555555555555555
Đền Đậu An,0.17597868993304477,0.0,12.5,0.0,1.0442819746389542,11,6.111111111111111
Hang Mỏ Luông,0.0,0.0,0.0,0.0,0.0,0,0.0
Suối nước nóng Kim Bôi,0.0,0.0,0.0,0.0,0.0,0,0.0
Đền Ghênh,0.0,0.0,0.0,0.0,0.0,0,0.0
Đền Mẫu,29.04872493878333,17.424242424242422,300.0,0.0,36.35966857330012,172,95.55555555555556
Bản dân tộc Mường,0.0,0.0,0.0,0.0,0.0,0,0.0
Thủy điện Hòa Bình,16.092478722685883,14.285714285714285,100.0,0.0,10.649973065435955,174,96.66666666666667
Xuân Sơn,92.85788608214612,69.9074074074074,450.0,28.205128205128204,64.59018989463519,180,100.0
Đền Quốc mẫu Âu Cơ,0.0,0.0,0.0,0.0,0.0,0,0.0
Núi Thắm,0.14601332201372874,0.0,2.631578947368421,0.0,0.5006496202800825,15,8.333333333333332
Đầm Ao Châu,0.09096816114359974,0.0,11.11111111111111,0.0,0.9144039301776482,2,1.1111111111111112
Động Tiên Phi,1.310658023156468,0.0,15.217391304347828,0.0,2.2827557824795965,66,36.666666666666664
đền Hùng,49.76198554405413,35.95959595959596,241.66666666666666,3.8461538461538463,44.0733001849334,180,100.0
Chợ nổi Phụng Hiệp,0.06944444444444445,0.0,12.5,0.0,0.9316949906249125,1,0.5555555555555556
Tháp Nhạn,1.4720767889896984,1.4288630332720964,11.11111111111111,0.0,1.8673336181932247,96,53.333333333333336
Vũng Rô,6.538494246038391,3.8461538461538463,50.0,0.0,7.83703830062214,168,93.33333333333333
Đầm Ô Loan,1.9302998466178332,1.5625,11.11111111111111,0.0,2.2507033591941026,111,61.66666666666667
Bãi Môn - Mũi Đại Lãnh,0.0,0.0,0.0,0.0,0.0,0,0.0
Phượng Hoàng,176.85187856575092,150.0,833.3333333333334,61.904761904761905,109.28425949080754,180,100.0
danh thắng Côn Sơn,0.0,0.0,0.0,0.0,0.0,0,0.0
Địa đạo Gò Thì Thùng,0.0,0.0,0.0,0.0,0.0,0,0.0
Suối Nước Moọc,0.4130004762632167,0.0,12.5,0.0,1.4096033760193203,22,12.222222222222221
Đảo Cò Chi Lăng Nam,0.015015015015015015,0.0,2.7027027027027026,0.0,0.2014475655405216,1,0.5555555555555556
Đền Kiếp Bạc,3.4754979947347313,1.9049346879535558,33.33333333333333,0.0,4.703266808707666,124,68.88888888888889
Đền thờ Chu Văn An,1.5401422312529178,0.0,11.11111111111111,0.0,2.420551519137916,72,40.0
Di sản thiên nhiên thế giới Phong Nha - Kẻ Bàng,0.02917535865905431,0.0,2.1739130434782608,0.0,0.22805679000854942,3,1.6666666666666667
Hang Tối,14.726663393960544,12.132352941176471,66.66666666666666,0.0,11.377168274478773,178,98.88888888888889
Khu mộ Đại tướng Võ Nguyên Giáp,0.6204684691526796,0.0,22.22222222222222,0.0,2.7443908233420635,11,6.111111111111111
Suối nước khoáng nóng Bang,0.06172839506172839,0.0,11.11111111111111,0.0,0.8281733249999221,1,0.5555555555555556
Hồ Kẻ Gỗ,18.77891312210253,14.285714285714285,100.0,0.0,15.9902996133794,178,98.88888888888889
Núi Hồng Lĩnh,0.1881091617933723,0.0,6.666666666666667,0.0,0.96730889208657,7,3.888888888888889
Núi Thiên Cầm,0.0,0.0,0.0,0.0,0.0,0,0.0
thanh niên xung phong Ngã ba Đồng Lộc,0.0326797385620915,0.0,5.88235294117647,0.0,0.438444701470547,1,0.5555555555555556
Bãi biển Xuân Thành,0.06978830723450521,0.0,8.333333333333332,0.0,0.6455021634174294,4,2.2222222222222223
Chùa và hồ Thiên Tượng,0.0,0.0,0.0,0.0,0.0,0,0.0
cụ Nguyễn Du,0.8906863878853917,0.0,10.0,0.0,1.7634748243949718,56,31.11111111111111
Đền Chiêu Trưng,0.0,0.0,0.0,0.0,0.0,0,0.0
Chùa Bà Đanh - Núi Ngọc,0.0,0.0,0.0,0.0,0.0,0,0.0
Khu phố cổ Hội An,0.38838871211495085,0.0,4.761904761904762,0.0,0.7971351562148741,39,21.666666666666668
Làng nghề đúc đồng Phước Kiều,0.2777777777777778,0.0,50.0,0.0,3.72677996249965,1,0.5555555555555556
Đền Trúc - Ngũ Động Sơn,0.0,0.0,0.0,0.0,0.0,0,0.0
Chùa Long Đọi Sơn,0.015539266117969823,0.0,1.5625,0.0,0.14802422741250615,2,1.1111111111111112
Di sản văn hóa Mỹ Sơn,0.5335827615578332,0.0,8.333333333333332,0.0,1.1573422793470804,43,23.88888888888889
Làng gốm Thanh Hà,1.3308891756603929,1.2501953430223471,6.666666666666667,0.0,1.5672812024149172,94,52.22222222222223
Thành phố Hội An,19.957200525280168,15.700280112044817,266.66666666666663,6.41025641025641,22.12904135019569,180,100.0
Chùa Phước Lâm,0.16823370990037656,0.0,6.666666666666667,0.0,0.8334469448939685,8,4.444444444444445
Làng rau Trà Quế,0.0,0.0,0.0,0.0,0.0,0,0.0
Sông Thu Bồn,5.162768288037071,3.0330882352941178,33.33333333333333,0.0,6.915343117824638,116,64.44444444444444
Tháp Chiên Đàn,0.1111111111111111,0.0,20.0,0.0,1.4907119849998598,1,0.5555555555555556
Cẩm Nam - Khu du lịch miệt vườn,0.0,0.0,0.0,0.0,0.0,0,0.0
Du lịch sinh thái Thuận Tình,0.0,0.0,0.0,0.0,0.0,0,0.0
Hòn Kẽm Đá Dừng,0.04651778214996606,0.0,3.4482758620689653,0.0,0.3642086178143661,3,1.6666666666666667
Hồ Phú Ninh,3.9145855502583533,4.270516717325227,13.333333333333334,0.0,2.8629965110454427,134,74.44444444444444
Bãi biển Tam Thanh,0.07936507936507936,0.0,14.285714285714285,0.0,1.0647942749998995,1,0.5555555555555556
Cột cờ Lũng Cú,3.7656352237130526,3.225806451612903,22.22222222222222,0.0,3.2298439054589996,143,79.44444444444444
Dinh thự họ Vương,0.04519875478927202,0.0,3.4482758620689653,0.0,0.3641007191730489,3,1.6666666666666667
Hang Phương Thiện,0.042735042735042736,0.0,7.6923076923076925,0.0,0.5733507634614844,1,0.5555555555555556
Công viên Đồng Xanh,0.6117331958075556,0.0,10.0,0.0,1.1554900382155977,54,30.0
Công viên địa chất Cao nguyên đá Đồng Văn,0.007936507936507936,0.0,1.4285714285714286,0.0,0.10647942749998995,1,0.5555555555555556
Kon Ka Kinh,0.18413302491398398,0.0,4.761904761904762,0.0,0.6183374617910525,18,10.0
Thác Xung Khoeng,0.0,0.0,0.0,0.0,0.0,0,0.0
Chùa Bửu Nghiêm,0.0,0.0,0.0,0.0,0.0,0,0.0
Thủy điện Yaly,0.14124968169085816,0.0,7.142857142857142,0.0,0.8082439277938424,6,3.3333333333333335
Xẻo Quýt - khu di tích lịch sử - sinh thái rừng tràm,0.0,0.0,0.0,0.0,0.0,0,0.0
cụ Phó bảng Nguyễn Sinh Sắc,0.19535365635716345,0.0,4.761904761904762,0.0,0.8227599744826974,10,5.555555555555555
Bửu Long - hồ Long Ẩn,0.0,0.0,0.0,0.0,0.0,0,0.0
Chùa Bửu Phong,0.009578544061302681,0.0,1.7241379310344827,0.0,0.12850965387929825,1,0.5555555555555556
Cát Tiên,52.09212428508628,41.27789046653144,233.33333333333334,10.256410256410255,34.06766980554838,180,100.0
Mộ cổ Hàng Gòn,0.03703703703703704,0.0,6.666666666666667,0.0,0.4969039949999533,1,0.5555555555555556
Bảo tàng chiến thắng Điện Biên Phủ,0.09669308808199643,0.0,9.090909090909092,0.0,0.7308304053888827,6,3.3333333333333335
Chùa Ngọa Vân,0.5254428894347535,0.0,26.666666666666668,0.0,2.54541609948798,16,8.88888888888889
Khu căn cứ quân sự Khe Sanh,0.0,0.0,0.0,0.0,0.0,0,0.0
Đồi A1,1.1252606738981055,0.0,13.636363636363635,0.0,2.2854720608000645,62,34.44444444444444
Nghĩa trang liệt sĩ Trường Sơn,0.16394817777359158,0.0,10.0,0.0,0.9382667638150035,8,4.444444444444445
Thành cổ Quảng Trị,16.81159038736079,10.526315789473683,140.0,0.0,17.705332112911076,177,98.33333333333333
Thắng cảnh Đakrông,0.0,0.0,0.0,0.0,0.0,0,0.0
Đôi bờ cầu Hiền Lương - Bến Hải,0.0,0.0,0.0,0.0,0.0,0,0.0
Nhà đày Buôn Ma Thuột,0.3190252957460456,0.0,11.11111111111111,0.0,1.1038481365675243,24,13.333333333333334
Thác Gia Long,1.0896953699310006,0.0,25.0,0.0,2.3513419791050603,64,35.55555555555556
Thác Trinh Nữ,0.6805555555555555,0.0,33.33333333333333,0.0,4.1545214052602955,6,3.3333333333333335
Địa đạo Vịnh Mốc,0.17563371133731953,0.0,8.333333333333332,0.0,0.8754581923384567,12,6.666666666666667
Mộ vua săn bắt Voi,0.0,0.0,0.0,0.0,0.0,0,0.0
Thác Ba Tầng,0.186388884074177,0.0,12.0,0.0,1.0263067017115186,11,6.111111111111111
Thác Diệu Thanh,0.0,0.0,0.0,0.0,0.0,0,0.0
Yok Đôn,0.31169661582038,0.0,5.88235294117647,0.0,0.9354045900239168,22,12.222222222222221
Buôn Đôn,12.310667854235781,10.0,66.66666666666666,0.0,7.970269640385379,177,98.33333333333333
Chùa Khải Đoan,0.6734045134913368,0.0,5.88235294117647,0.0,1.1215186861523727,59,32.77777777777778
Hồ Lắk,4.8973495286866875,5.263157894736842,14.285714285714285,0.0,3.8408396037089645,127,70.55555555555556
Thác Krông Kmar,0.0,0.0,0.0,0.0,0.0,0,0.0
Buôn Ako Dhong,0.0,0.0,0.0,0.0,0.0,0,0.0
Bình An,807.6569857611523,750.0,1700.0,400.0,246.89322641625037,180,100.0
Chùa Dơi,0.5555555555555556,0.0,100.0,0.0,7.4535599249993005,1,0.5555555555555556
Vườn cò Tân Long,0.0,0.0,0.0,0.0,0.0,0,0.0
Bảo tàng Khmer Sóc Trăng,0.10606060606060608,0.0,10.0,0.0,1.0045144876635397,2,1.1111111111111112
Chùa Kh'leang,0.0,0.0,0.0,0.0,0.0,0,0.0
Chùa Sà Lôn,0.0,0.0,0.0,0.0,0.0,0,0.0
Chùa Đất Sét,0.8602114119529588,0.0,11.11111111111111,0.0,1.786833326325599,47,26.111111111111114
Cao nguyên Mộc Châu,1.5756196706153465,0.0,11.11111111111111,0.0,2.3798456862179194,87,48.333333333333336
Mũi Cà Mau Cà Mau,12.345137019405227,10.582306830907054,66.66666666666666,0.0,8.212351748495536,177,98.33333333333333
Vườn chim trong thành phố,0.0,0.0,0.0,0.0,0.0,0,0.0
nhà tù và bảo tàng tỉnh Sơn La,0.0,0.0,0.0,0.0,0.0,0,0.0
Bãi biển Mũi Né,0.8339695766925357,0.0,8.333333333333332,0.0,1.412187796519555,63,35.0
Chùa Quan Âm,8.776929222190699,7.8125,33.33333333333333,0.0,5.351346394956517,167,92.77777777777779
Lò Gò - Xa Mát,0.08165958247662554,0.0,3.4482758620689653,0.0,0.40600028057349646,8,4.444444444444445
Toà thánh Cao Đài Tây Ninh,0.2777777777777778,0.0,50.0,0.0,3.72677996249965,1,0.5555555555555556
Bùn khoáng nóng Mũi Né,0.0,0.0,0.0,0.0,0.0,0,0.0
Chùa Núi Tà Cú,0.029634898055950685,0.0,2.7027027027027026,0.0,0.28038011671037383,2,1.1111111111111112
Hòn Rơm,9.008690723586966,6.666666666666667,66.66666666666666,0.0,8.960878271577819,168,93.33333333333333
Núi Bà Đen,32.446327818446704,25.0,149.01960784313727,0.0,24.58916299495504,179,99.44444444444444
Chùa Keo,9.811153716212303,6.417295813315031,50.0,0.0,10.268435183083309,166,92.22222222222223
Mũi Né,143.36152743288736,136.36363636363635,550.0,18.181818181818183,71.28388162211627,180,100.0
Non Nước,90.1972254643754,76.13871635610766,300.0,27.083333333333332,47.83580116589084,180,100.0
Đồi Sứ,0.0,0.0,0.0,0.0,0.0,0,0.0
Làng chạm bạc Đồng Xâm,0.0,0.0,0.0,0.0,0.0,0,0.0
biển Đồng Châu,4.869333590626219,3.7037037037037033,41.66666666666667,0.0,5.964954700793185,122,67.77777777777779
Đền Tiên La,0.840131710390292,0.0,14.285714285714285,0.0,2.031887764202675,45,25.0
Đền Đồng Xâm,0.02784637115623031,0.0,1.8181818181818181,0.0,0.21583562893941213,3,1.6666666666666667
Bà Rá – Thác Mơ,0.0,0.0,0.0,0.0,0.0,0,0.0
Làng vườn Bách Thuận,0.09259259259259257,0.0,16.666666666666664,0.0,1.2422599874998828,1,0.5555555555555556
Sóc Xiêm,0.17129629629629628,0.0,16.666666666666664,0.0,1.4757958805098077,3,1.6666666666666667
Thắng cảnh hồ Núi Cốc,0.07936507936507936,0.0,14.285714285714285,0.0,1.0647942749998995,1,0.5555555555555556
Bảo tàng Văn hoá các Dân tộc Việt Nam,0.0,0.0,0.0,0.0,0.0,0,0.0
"Hang Phượng Hoàng, Suối Mỏ Gà",0.0,0.0,0.0,0.0,0.0,0,0.0
ATK - an toàn khu kháng chiến,0.0,0.0,0.0,0.0,0.0,0,0.0
Lạc Cảnh Đại Nam Văn Hiến,1.3685254803675855,0.0,60.0,0.0,6.770375387980288,11,6.111111111111111
Chùa Hội Khánh,1.7323951593548423,1.3606071825249906,14.285714285714285,0.0,2.381352256419855,98,54.44444444444444
Chùa núi Châu Thới,0.2594990278218146,0.0,11.11111111111111,0.0,1.4271670933767862,8,4.444444444444445
Làng sơn mài Tương Bình Hiệp,0.05050505050505051,0.0,9.090909090909092,0.0,0.6775963568181184,1,0.5555555555555556
Sân golf Sông Bé,0.12262842293722377,0.0,9.090909090909092,0.0,0.8132330115809795,6,3.3333333333333335
Bảo tàng Quang Trung,1.5495648321194555,1.3891568589619911,11.11111111111111,0.0,1.9468577908032325,97,53.888888888888886
Thành cổ Hoàng Đế,0.38472500589707326,0.0,6.976744186046512,0.0,0.9802669855168812,34,18.88888888888889
Tháp Bánh Ít,1.07715837779799,0.0,12.5,0.0,1.5354394451280864,80,44.44444444444444
Vườn cây ăn trái Lái Thiêu,0.0,0.0,0.0,0.0,0.0,0,0.0
Chùa Long Khánh,1.7214879734800337,1.36986301369863,37.5,0.0,3.3406471954100425,103,57.22222222222222
Ghềnh Ráng Tiên Sa,0.33033952881739703,0.0,2.631578947368421,0.0,0.6463840796086546,39,21.666666666666668
Tháp Dương Long,1.6116956943126535,1.4925373134328357,11.11111111111111,0.0,1.8195201319327805,99,55.00000000000001
Tháp Đôi,16.355152802451553,11.538461538461538,200.0,2.666666666666667,18.817256624857375,180,100.0
Bến En,0.12731481481481483,0.0,10.0,0.0,1.0044296118159626,3,1.6666666666666667
Lam Kinh,1067.9219861916781,163.33333333333334,8500.0,16.666666666666664,1801.7913092076064,180,100.0
Suối nước nóng Hội Vân,0.0,0.0,0.0,0.0,0.0,0,0.0
Thành nhà Hồ,98.21095380581572,75.0,500.0,30.76923076923077,77.34765519420665,180,100.0
Hang cá Cẩm Lương,0.0,0.0,0.0,0.0,0.0,0,0.0
Hòn Trống Mái,3.5673384753910087,3.125,16.666666666666664,0.0,3.0514412809880413,141,78.33333333333333
lịch sử văn hóa Hàm Rồng,0.18518518518518515,0.0,33.33333333333333,0.0,2.484519974999765,1,0.5555555555555556
Đền Bà Triệu,0.6493918555128844,0.0,6.666666666666667,0.0,1.1585023301232693,54,30.0
Chùa Tuyên Linh,0.0,0.0,0.0,0.0,0.0,0,0.0
Làng cây kiểng Cái Mơn,0.0,0.0,0.0,0.0,0.0,0,0.0
Mộ Nguyễn Đình Chiểu,0.0,0.0,0.0,0.0,0.0,0,0.0
Động Từ Thức,56.73849857191401,33.33333333333333,405.0,0.0,62.39615547812335,176,97.77777777777777
Chùa Dâu,8.069760879161993,4.545454545454546,66.66666666666666,0.0,10.358623262870337,163,90.55555555555556
Sân chim Vàm Hồ,0.0,0.0,0.0,0.0,0.0,0,0.0
Đình Bình Hòa,6.4812613709289355,6.25,18.421052631578945,0.0,4.395630967347652,147,81.66666666666667
Đồng Khởi,107.86604771142942,100.0,450.0,50.943396226415096,45.25056894336082,180,100.0
Chùa Bút Tháp,3.9564944890174276,2.1739130434782608,50.0,0.0,5.7779097427582595,130,72.22222222222221
Chùa Phật Tích,7.956763364550486,4.081632653061225,88.88888888888889,0.0,11.680551660878763,164,91.11111111111111
Làng gốm Phù Lãng,0.16414449006014206,0.0,10.0,0.0,1.0235321746120574,8,4.444444444444445
Đình làng Đình Bảng,0.14210456381073797,0.0,7.6923076923076925,0.0,0.8127631088295909,9,5.0
Chùa Vĩnh Tràng,3.49401571115831,2.941176470588235,16.666666666666664,0.0,3.2274735365040015,145,80.55555555555556
Chợ nổi Cái Bè,2.5425741704678475,1.7543859649122806,14.285714285714285,0.0,2.909441728935412,120,66.66666666666666
Cù lao Thới Sơn,0.2678512508391024,0.0,4.3478260869565215,0.0,0.7752243628968716,23,12.777777777777777
Đền Đô,15.394215685544044,9.423076923076923,125.0,0.0,18.248107483034232,179,99.44444444444444
Ao Bà Om,1.8508817300285665,1.5384615384615385,16.666666666666664,0.0,2.2821297227726673,104,57.77777777777777
Chùa Hang,16.596565557464782,13.18840579710145,75.0,2.564102564102564,11.808315620149752,180,100.0
Chùa Âng,0.1853050216437697,0.0,1.9607843137254901,0.0,0.5170749568965866,21,11.666666666666666
Trại nuôi rắn Đồng Tâm,0.0,0.0,0.0,0.0,0.0,0,0.0
Chùa Nôdol,0.0,0.0,0.0,0.0,0.0,0,0.0
Chùa Quan Đế,0.07971014492753623,0.0,10.0,0.0,0.8110959699970387,2,1.1111111111111112
Chùa Xiêm Cán,0.14250457565408545,0.0,11.11111111111111,0.0,0.9609965401436479,6,3.3333333333333335
Khu nhà công tử Bạc Liêu,0.11796982167352536,0.0,20.0,0.0,1.4930361996197747,2,1.1111111111111112
Cây đa Tân Trào,1.841195618849696,0.0,33.33333333333333,0.0,4.227228946790051,49,27.22222222222222
Lán hang Bòng,0.0,0.0,0.0,0.0,0.0,0,0.0
lịch sử Tân Trào,1.4395168347993268,0.0,20.0,0.0,3.016744687550875,46,25.555555555555554
vườn chim Bạc Liêu,0.0,0.0,0.0,0.0,0.0,0,0.0
Chùa Bổ Đà,1.4070833272523808,0.0,13.333333333333334,0.0,2.5666391131143285,66,36.666666666666664
Cù Lao An Bình và Bình Hòa Phước,0.0,0.0,0.0,0.0,0.0,0,0.0
Suối Mỡ,3.1841195431811937,2.299154334038055,22.22222222222222,0.0,3.3441430893803004,139,77.22222222222223
Động Puông,0.06172839506172839,0.0,11.11111111111111,0.0,0.8281733249999221,1,0.5555555555555556
Hồ Đại Lải,14.629937202252174,7.2751322751322745,66.66666666666666,0.0,15.340168189076447,165,91.66666666666666
Khuôn Thần,2.052210894586769,0.0,50.0,0.0,4.535122668740179,78,43.333333333333336
Rừng nguyên sinh Khe Rỗ,0.0,0.0,0.0,0.0,0.0,0,0.0
Đình Thổ Hà,0.09398496240601503,0.0,14.285714285714285,0.0,1.0816314731937073,2,1.1111111111111112
Khu danh thắng Tây Thiên,0.0,0.0,0.0,0.0,0.0,0,0.0
Tam Đảo,151.7177301509734,142.85714285714286,375.0,24.489795918367346,65.23617725704364,180,100.0
Thiền viện Trúc Lâm Tây Thiên,5.108697167857281,0.0,100.0,0.0,10.966914034111731,71,39.44444444444444
Đình Lỗ Hạnh,0.0,0.0,0.0,0.0,0.0,0,0.0
Chùa Hà Tiên,3.293441728503332,2.631578947368421,33.33333333333333,0.0,3.49905022359309,147,81.66666666666667
Thành phố Vũng Tàu,42.7953677454736,40.0,133.33333333333331,15.584415584415584,16.90384810866313,180,100.0
Tháp Bình Sơn,1.6766471229298885,1.3606071825249906,9.090909090909092,0.0,1.965958141376298,102,56.666666666666664
và sân golf Tam Đảo,0.09259259259259257,0.0,16.666666666666664,0.0,1.2422599874998825,1,0.5555555555555556
Bãi Dứa,0.09642653662391655,0.0,5.263157894736842,0.0,0.515614715056735,8,4.444444444444445
Công viên Hồ Tây,29.918763923075172,16.10369206598586,333.33333333333337,0.0,39.14992252540214,179,99.44444444444444
Ruộng bậc thang Mù Cang Chải,0.5482112616103866,0.0,11.11111111111111,0.0,1.6787055078615367,34,18.88888888888889
Thích ca Phật Đài,1.4097129560328994,0.0,22.22222222222222,0.0,2.704419107302676,71,39.44444444444444
Bãi tắm Long Hải,0.13821786741891112,0.0,9.090909090909092,0.0,0.7703347147552002,11,6.111111111111111
Hồ Thác Bà,4.44178654444354,4.257246376811594,43.63636363636363,0.0,4.282437659725935,138,76.66666666666667
Núi Cấm,20.222446783583457,17.192118226600986,269.2307692307692,0.0,21.21379683559767,175,97.22222222222221
núi Sam,15.21721343993286,12.5,75.0,0.0,9.942631691035924,178,98.88888888888889
Chùa Tây An,1.846004187591818,1.600922131147541,20.0,0.0,2.697060046994052,102,56.666666666666664
Lăng Thoại Ngọc Hầu,0.0737883537253285,0.0,4.166666666666666,0.0,0.4602263345400686,5,2.7777777777777777
Lễ hội miếu Bà Chúa Xứ,0.07301819363222872,0.0,10.0,0.0,0.7624101165864189,3,1.6666666666666667
Núi Ba Thê,0.008960573476702509,0.0,1.6129032258064515,0.0,0.12021870846773064,1,0.5555555555555556
Bia Thoại Sơn,0.011111111111111112,0.0,2.0,0.0,0.14907119849998596,1,0.5555555555555556
Khu di chỉ Óc Eo,0.0,0.0,0.0,0.0,0.0,0,0.0
Nhà bảo tàng tỉnh An Giang,0.0,0.0,0.0,0.0,0.0,0,0.0
núi Sập,3.128514294878188,3.306010928961749,23.076923076923077,0.0,2.8874049435869846,125,69.44444444444444
Chùa Ông Bắc,0.04022055999743626,0.0,2.272727272727273,0.0,0.2729426511460563,4,2.2222222222222223
Làng chài Hàm Ninh,1.1670476137554673,0.0,9.090909090909092,0.0,1.7227563910077905,70,38.88888888888889
lịch sử Tức Dụp,0.08984725965858041,0.0,14.285714285714285,0.0,1.0732620432180435,2,1.1111111111111112
Rau má,100.0,100.0,100.0,100.0,0.0,180,100.0
